Cycle,NumberOfFlips,Temperature,SystemEnergy,MeanEnergy,HeatCapacity,MagneticSusceptibility,Magnetization_Abs
1,0,1.00,-8.00,-2.0000000,0.0000000,0.0000000,1.0000000
101,0,1.00,-8.00,-2.0000000,0.0000000,0.0000000,1.0000000
201,0,1.00,-8.00,-2.0000000,0.0000000,0.0000000,1.0000000
301,0,1.00,-8.00,-2.0000000,0.0000000,0.0000000,1.0000000
401,0,1.00,-8.00,-2.0000000,0.0000000,0.0000000,1.0000000
501,0,1.00,-8.00,-1.9960080,0.031872383,0.0019920239,0.99900200
601,0,1.00,-8.00,-1.9933444,0.053067406,0.0033167129,0.99833611
701,0,1.00,-8.00,-1.9800285,0.15817632,0.018380101,0.99358060
801,0,1.00,-8.00,-1.9825218,0.13860328,0.016103466,0.99438202
901,0,1.00,-8.00,-1.9844617,0.12334057,0.014328635,0.99500555
1001,0,1.00,-8.00,-1.9860140,0.11110568,0.012906175,0.99550450
1101,0,1.00,-8.00,-1.9872843,0.10107895,0.011740627,0.99591281
1201,0,1.00,-8.00,-1.9883430,0.092712082,0.010768157,0.99625312
1301,0,1.00,-8.00,-1.9892390,0.085624432,0.0099444583,0.99654112
1401,0,1.00,-8.00,-1.9900071,0.079543469,0.0092378188,0.99678801
1501,0,1.00,-8.00,-1.9906729,0.074268942,0.0086249407,0.99700200
1601,0,1.00,-8.00,-1.9912555,0.069650410,0.0080883239,0.99718926
1701,0,1.00,-8.00,-1.9917695,0.065572660,0.0076145685,0.99735450
1801,0,1.00,-8.00,-1.9900056,0.079556024,0.0099500524,0.99666852
1901,0,1.00,-8.00,-1.9905313,0.075390980,0.0094288534,0.99684377
2001,0,1.00,-8.00,-1.9910045,0.071640342,0.0089595382,0.99700150
2101,0,1.00,-8.00,-1.9914327,0.068245193,0.0085347269,0.99714422
2201,0,1.00,-8.00,-1.9918219,0.065157282,0.0081483758,0.99727397
2301,0,1.00,-8.00,-1.9921773,0.062336709,0.0077954883,0.99739244
2401,0,1.00,-8.00,-1.9925031,0.059750198,0.0074718971,0.99750104
2501,0,1.00,-8.00,-1.9928029,0.057369775,0.0071740996,0.99760096
2601,0,1.00,-8.00,-1.9930796,0.055171753,0.0068991298,0.99769319
2701,0,1.00,-8.00,-1.9933358,0.053135941,0.0066444600,0.99777860
2801,0,1.00,-8.00,-1.9892895,0.085224829,0.0085270714,0.99678686
2901,0,1.00,-8.00,-1.9896587,0.082302326,0.0082345103,0.99689762
3001,0,1.00,-8.00,-1.9900033,0.079573609,0.0079613582,0.99700100
3101,0,1.00,-8.00,-1.9903257,0.077020021,0.0077057458,0.99709771
3201,0,1.00,-8.00,-1.9906279,0.074625227,0.0074660361,0.99718838
3301,0,1.00,-8.00,-1.9909118,0.072374863,0.0072407900,0.99727355
3401,0,1.00,-8.00,-1.9911791,0.070256245,0.0070287368,0.99735372
3501,0,1.00,-8.00,-1.9914310,0.068258133,0.0068287504,0.99742931
3601,0,1.00,-8.00,-1.9916690,0.066370530,0.0066398292,0.99750069
3701,0,1.00,-8.00,-1.9918941,0.064584515,0.0064610797,0.99756822
3801,0,1.00,-8.00,-1.9921073,0.062892102,0.0062917020,0.99763220
3901,0,1.00,-8.00,-1.9923097,0.061286121,0.0061309778,0.99769290
4001,0,1.00,-8.00,-1.9925019,0.059760116,0.0059782605,0.99775056
4101,0,1.00,-8.00,-1.9926847,0.058308258,0.0058329663,0.99780541
4201,0,1.00,-8.00,-1.9928588,0.056925270,0.0056945669,0.99785765
4301,0,1.00,-8.00,-1.9930249,0.055606367,0.0055625828,0.99790746
4401,0,1.00,-8.00,-1.9931834,0.054347195,0.0054365781,0.99795501
4501,0,1.00,-8.00,-1.9933348,0.053143785,0.0053161555,0.99800044
4601,0,1.00,-8.00,-1.9934797,0.051992515,0.0052009521,0.99804390
4701,0,1.00,-8.00,-1.9936184,0.050890067,0.0050906357,0.99808551
4801,0,1.00,-8.00,-1.9937513,0.049833401,0.0049849019,0.99812539
4901,0,1.00,-8.00,-1.9938788,0.048819722,0.0048834709,0.99816364
5001,0,1.00,-8.00,-1.9940012,0.047846460,0.0047860854,0.99820036
5101,0,1.00,-8.00,-1.9941188,0.046911244,0.0046925079,0.99823564
5201,0,1.00,-8.00,-1.9942319,0.046011887,0.0046025196,0.99826956
5301,0,1.00,-8.00,-1.9943407,0.045146365,0.0045159176,0.99830221
5401,0,1.00,-8.00,-1.9944455,0.044312804,0.0044325146,0.99833364
5501,0,1.00,-8.00,-1.9945464,0.043509466,0.0043521363,0.99836393
5601,0,1.00,-8.00,-1.9946438,0.042734736,0.0042746212,0.99839314
5701,0,1.00,-8.00,-1.9947378,0.041987113,0.0041998190,0.99842133
5801,0,1.00,-8.00,-1.9948285,0.041265199,0.0041275897,0.99844854
5901,0,1.00,-8.00,-1.9949161,0.040567689,0.0040578028,0.99847483
6001,0,1.00,-8.00,-1.9940010,0.047848049,0.0044870042,0.99825029
6101,0,1.00,-8.00,-1.9940993,0.047066104,0.0044136562,0.99827897
6201,0,1.00,-8.00,-1.9941945,0.046309306,0.0043426677,0.99830672
6301,0,1.00,-8.00,-1.9942866,0.045576460,0.0042739265,0.99833360
6401,0,1.00,-8.00,-1.9943759,0.044866447,0.0042073277,0.99835963
6501,0,1.00,-8.00,-1.9944624,0.044178216,0.0041427725,0.99838486
6601,0,1.00,-8.00,-1.9945463,0.043510781,0.0040801685,0.99840933
6701,0,1.00,-8.00,-1.9943292,0.045237732,0.0041677021,0.99835845
6801,0,1.00,-8.00,-1.9944126,0.044574432,0.0041065776,0.99838259
6901,0,1.00,-8.00,-1.9944936,0.043930303,0.0040472200,0.99840603
7001,0,1.00,-8.00,-1.9945722,0.043304524,0.0039895539,0.99842880
7101,0,1.00,-8.00,-1.9946486,0.042696324,0.0039335080,0.99845092
7201,0,1.00,-8.00,-1.9947230,0.042104970,0.0038790150,0.99847243
7301,0,1.00,-8.00,-1.9947952,0.041529773,0.0038260112,0.99849336
7401,0,1.00,-8.00,-1.9948656,0.040970080,0.0037744364,0.99851371
7501,0,1.00,-8.00,-1.9941341,0.046789442,0.0049197191,0.99820024
7601,0,1.00,-8.00,-1.9942113,0.046175659,0.0048551627,0.99822392
7701,0,1.00,-8.00,-1.9942865,0.045577771,0.0047922785,0.99824698
7801,0,1.00,-8.00,-1.9943597,0.044995168,0.0047310025,0.99826945
7901,0,1.00,-8.00,-1.9944311,0.044427271,0.0046712737,0.99829136
8001,0,1.00,-8.00,-1.9945007,0.043873531,0.0046130342,0.99831271
8101,0,1.00,-8.00,-1.9945686,0.043333424,0.0045562290,0.99833354
8201,0,1.00,-8.00,-1.9946348,0.042806453,0.0045008058,0.99835386
8301,0,1.00,-8.00,-1.9946994,0.042292146,0.0044467148,0.99837369
8401,0,1.00,-8.00,-1.9947625,0.041790049,0.0043939084,0.99839305
8501,0,1.00,-8.00,-1.9943536,0.045043629,0.0049281414,0.99823550
8601,0,1.00,-8.00,-1.9944193,0.044521392,0.0048709872,0.99825602
8701,0,1.00,-8.00,-1.9944834,0.044011126,0.0048151435,0.99827606
8801,0,1.00,-8.00,-1.9945461,0.043512424,0.0047605657,0.99829565
8901,0,1.00,-8.00,-1.9946073,0.043024897,0.0047072113,0.99831480
9001,0,1.00,-8.00,-1.9946673,0.042548174,0.0046550396,0.99833352
9101,0,1.00,-8.00,-1.9947259,0.042081899,0.0046040116,0.99835183
9201,0,1.00,-8.00,-1.9947832,0.041625733,0.0045540903,0.99836974
9301,0,1.00,-8.00,-1.9948393,0.041179350,0.0045052399,0.99838727
9401,0,1.00,-8.00,-1.9948942,0.040742440,0.0044574264,0.99840443
9501,0,1.00,-8.00,-1.9949479,0.040314703,0.0044106171,0.99842122
9601,0,1.00,-8.00,-1.9950005,0.039895855,0.0043647807,0.99843766
9701,0,1.00,-8.00,-1.9948459,0.041126603,0.0044223212,0.99840223
9801,0,1.00,-8.00,-1.9948985,0.040708060,0.0043773032,0.99841853
9901,0,1.00,-8.00,-1.9949500,0.040297950,0.0043331925,0.99843450
10001,0,1.00,-8.00,-1.9950005,0.039896020,0.0042899620,0.99845015
10101,0,1.00,-8.00,-1.9950500,0.039502029,0.0042475855,0.99846550
10201,0,1.00,-8.00,-1.9950985,0.039115744,0.0042060380,0.99848054
10301,0,1.00,-8.00,-1.9951461,0.038736940,0.0041652954,0.99849529
10401,0,1.00,-8.00,-1.9951928,0.038365403,0.0041253346,0.99850976
10501,0,1.00,-8.00,-1.9952385,0.038000925,0.0040861332,0.99852395
10601,0,1.00,-8.00,-1.9950948,0.039145337,0.0044238538,0.99844354
10701,0,1.00,-8.00,-1.9951406,0.038780418,0.0043826029,0.99845809
10801,0,1.00,-8.00,-1.9951856,0.038422240,0.0043421142,0.99847236
10901,0,1.00,-8.00,-1.9952298,0.038070617,0.0043023668,0.99848638
11001,0,1.00,-8.00,-1.9950914,0.039172778,0.0043536877,0.99845469
11101,0,1.00,-8.00,-1.9951356,0.038820762,0.0043145541,0.99846861
11201,0,1.00,-8.00,-1.9951790,0.038475017,0.0042761178,0.99848228
11301,0,1.00,-8.00,-1.9952217,0.038135376,0.0042383602,0.99849571
11401,0,1.00,-8.00,-1.9952636,0.037801678,0.0042012635,0.99850890
11501,0,1.00,-8.00,-1.9953048,0.037473770,0.0041648106,0.99852187
11601,0,1.00,-8.00,-1.9953452,0.037151502,0.0041289849,0.99853461
11701,0,1.00,-8.00,-1.9953850,0.036834729,0.0040937702,0.99854713
11801,0,1.00,-8.00,-1.9954241,0.036523312,0.0040591511,0.99855944
11901,0,1.00,-8.00,-1.9954626,0.036217117,0.0040251126,0.99857155
12001,0,1.00,-8.00,-1.9955004,0.035916014,0.0039916403,0.99858345
12101,0,1.00,-8.00,-1.9950417,0.039567806,0.0042051788,0.99847120
12201,0,1.00,-8.00,-1.9950824,0.039244305,0.0041707890,0.99848373
12301,0,1.00,-8.00,-1.9951223,0.038926052,0.0041369570,0.99849606
12401,0,1.00,-8.00,-1.9951617,0.038612919,0.0041036695,0.99850818
12501,0,1.00,-8.00,-1.9952004,0.038304783,0.0040709134,0.99852012
12601,0,1.00,-8.00,-1.9952385,0.038001526,0.0040386761,0.99853186
12701,0,1.00,-8.00,-1.9952760,0.037703034,0.0040069454,0.99854342
12801,0,1.00,-8.00,-1.9953129,0.037409194,0.0039757093,0.99855480
12901,0,1.00,-8.00,-1.9953492,0.037119898,0.0039449565,0.99856600
13001,0,1.00,-8.00,-1.9953850,0.036835043,0.0039146758,0.99857703
13101,0,1.00,-8.00,-1.9954202,0.036554526,0.0038848564,0.99858789
13201,0,1.00,-8.00,-1.9954549,0.036278250,0.0038554879,0.99859859
13301,0,1.00,-8.00,-1.9954891,0.036006118,0.0038265601,0.99860913
13401,0,1.00,-8.00,-1.9955227,0.035738038,0.0037980631,0.99861951
13501,0,1.00,-8.00,-1.9955559,0.035473921,0.0037699874,0.99862973
13601,0,1.00,-8.00,-1.9955886,0.035213679,0.0037423238,0.99863981
13701,0,1.00,-8.00,-1.9956208,0.034957228,0.0037150632,0.99864973
13801,0,1.00,-8.00,-1.9956525,0.034704485,0.0036881968,0.99865952
13901,0,1.00,-8.00,-1.9956838,0.034455370,0.0036617163,0.99866916
14001,0,1.00,-8.00,-1.9957146,0.034209807,0.0036356133,0.99867867
14101,0,1.00,-8.00,-1.9957450,0.033967718,0.0036098798,0.99868804
14201,0,1.00,-8.00,-1.9957749,0.033729032,0.0035845080,0.99869727
14301,0,1.00,-8.00,-1.9958045,0.033493677,0.0035594904,0.99870638
14401,0,1.00,-8.00,-1.9958336,0.033261584,0.0035348196,0.99871537
14501,0,1.00,-8.00,-1.9958624,0.033032685,0.0035104884,0.99872423
14601,0,1.00,-8.00,-1.9958907,0.032806915,0.0034864899,0.99873296
14701,0,1.00,-8.00,-1.9959186,0.032584210,0.0034628173,0.99874158
14801,0,1.00,-8.00,-1.9959462,0.032364509,0.0034394640,0.99875008
14901,0,1.00,-8.00,-1.9959734,0.032147750,0.0034164235,0.99875847
15001,0,1.00,-8.00,-1.9960003,0.031933875,0.0033936897,0.99876675
15101,0,1.00,-8.00,-1.9960268,0.031722828,0.0033712565,0.99877492
15201,0,1.00,-8.00,-1.9960529,0.031514551,0.0033491178,0.99878297
15301,0,1.00,-8.00,-1.9960787,0.031308992,0.0033272681,0.99879093
15401,0,1.00,-8.00,-1.9961041,0.031106097,0.0033057016,0.99879878
15501,0,1.00,-8.00,-1.9961293,0.030905814,0.0032844128,0.99880653
15601,0,1.00,-8.00,-1.9961541,0.030708094,0.0032633965,0.99881418
15701,0,1.00,-8.00,-1.9961786,0.030512888,0.0032426475,0.99882173
15801,0,1.00,-8.00,-1.9962028,0.030320148,0.0032221606,0.99882919
15901,0,1.00,-8.00,-1.9962267,0.030129828,0.0032019310,0.99883655
16001,0,1.00,-8.00,-1.9962502,0.029941882,0.0031819538,0.99884382
16101,0,1.00,-8.00,-1.9962735,0.029756266,0.0031622243,0.99885100
16201,0,1.00,-8.00,-1.9962965,0.029572938,0.0031427380,0.99885810
16301,0,1.00,-8.00,-1.9963192,0.029391854,0.0031234904,0.99886510
16401,0,1.00,-8.00,-1.9963417,0.029212975,0.0031044771,0.99887202
16501,0,1.00,-8.00,-1.9963639,0.029036260,0.0030856939,0.99887886
16601,0,1.00,-8.00,-1.9962653,0.029821926,0.0031271018,0.99885549
16701,0,1.00,-8.00,-1.9962876,0.029643694,0.0031084090,0.99886234
16801,0,1.00,-8.00,-1.9963097,0.029467580,0.0030899383,0.99886911
16901,0,1.00,-8.00,-1.9963316,0.029293547,0.0030716858,0.99887581
17001,0,1.00,-8.00,-1.9963532,0.029121557,0.0030536477,0.99888242
17101,0,1.00,-8.00,-1.9963745,0.028951574,0.0030358202,0.99888895
17201,0,1.00,-8.00,-1.9963956,0.028783565,0.0030181996,0.99889541
17301,0,1.00,-8.00,-1.9964164,0.028617494,0.0030007824,0.99890180
17401,0,1.00,-8.00,-1.9964370,0.028453329,0.0029835651,0.99890811
17501,0,1.00,-8.00,-1.9964573,0.028291036,0.0029665442,0.99891435
17601,0,1.00,-8.00,-1.9960230,0.031753106,0.0033461138,0.99877848
17701,0,1.00,-8.00,-1.9960454,0.031574076,0.0033272438,0.99878538
17801,0,1.00,-8.00,-1.9960676,0.031397053,0.0033085854,0.99879220
17901,0,1.00,-8.00,-1.9957544,0.033892483,0.0036241885,0.99868722
18001,0,1.00,-8.00,-1.9957780,0.033704601,0.0036040934,0.99869452
18101,0,1.00,-8.00,-1.9958013,0.033518789,0.0035842198,0.99870173
18201,0,1.00,-8.00,-1.9958244,0.033335016,0.0035645642,0.99870886
18301,0,1.00,-8.00,-1.9956287,0.034894332,0.0036538334,0.99866128
18401,0,1.00,-8.00,-1.9956524,0.034705112,0.0036340154,0.99866855
18501,0,1.00,-8.00,-1.9956759,0.034517934,0.0036144113,0.99867575
18601,0,1.00,-8.00,-1.9956992,0.034332763,0.0035950175,0.99868287
18701,0,1.00,-8.00,-1.9956152,0.035001432,0.0036290208,0.99866317
18801,0,1.00,-8.00,-1.9956385,0.034815671,0.0036097563,0.99867028
18901,0,1.00,-8.00,-1.9956616,0.034631872,0.0035906953,0.99867732
19001,0,1.00,-8.00,-1.9954739,0.036126679,0.0036765271,0.99863165
19101,0,1.00,-8.00,-1.9954976,0.035937971,0.0036573183,0.99863881
19201,0,1.00,-8.00,-1.9955211,0.035751224,0.0036383092,0.99864590
19301,0,1.00,-8.00,-1.9955443,0.035566407,0.0036194966,0.99865292
19401,0,1.00,-8.00,-1.9955672,0.035383492,0.0036008776,0.99865986
19501,0,1.00,-8.00,-1.9955900,0.035202449,0.0035824491,0.99866674
19601,0,1.00,-8.00,-1.9956125,0.035023248,0.0035642083,0.99867354
19701,0,1.00,-8.00,-1.9954317,0.036462891,0.0036471239,0.99862951
19801,0,1.00,-8.00,-1.9954548,0.036279164,0.0036287427,0.99863643
19901,0,1.00,-8.00,-1.9954776,0.036097279,0.0036105459,0.99864328
20001,0,1.00,-8.00,-1.9955002,0.035917208,0.0035925307,0.99865007
20101,0,1.00,-8.00,-1.9955226,0.035738925,0.0035746944,0.99865678
20201,0,1.00,-8.00,-1.9955448,0.035562404,0.0035570343,0.99866343
20301,0,1.00,-8.00,-1.9955667,0.035387617,0.0035395479,0.99867002
20401,0,1.00,-8.00,-1.9955885,0.035214541,0.0035222325,0.99867654
20501,0,1.00,-8.00,-1.9956100,0.035043149,0.0035050858,0.99868299
20601,0,1.00,-8.00,-1.9952429,0.037965887,0.0036812148,0.99859230
20701,0,1.00,-8.00,-1.9952659,0.037782921,0.0036634702,0.99859910
20801,0,1.00,-8.00,-1.9952887,0.037601710,0.0036458957,0.99860584
20901,0,1.00,-8.00,-1.9951199,0.038945931,0.0037236381,0.99856466
21001,0,1.00,-8.00,-1.9951431,0.038760934,0.0037059464,0.99857150
21101,0,1.00,-8.00,-1.9951661,0.038577687,0.0036884220,0.99857827
21201,0,1.00,-8.00,-1.9951889,0.038396164,0.0036710625,0.99858497
21301,0,1.00,-8.00,-1.9952115,0.038216341,0.0036538657,0.99859162
21401,0,1.00,-8.00,-1.9952339,0.038038195,0.0036368293,0.99859820
21501,0,1.00,-8.00,-1.9952560,0.037861702,0.0036199510,0.99860472
21601,0,1.00,-8.00,-1.9952780,0.037686840,0.0036032286,0.99861118
21701,0,1.00,-8.00,-1.9952998,0.037513585,0.0035866600,0.99861758
21801,0,1.00,-8.00,-1.9953213,0.037341915,0.0035702431,0.99862392
21901,0,1.00,-8.00,-1.9953427,0.037171810,0.0035539758,0.99863020
22001,0,1.00,-8.00,-1.9953638,0.037003248,0.0035378561,0.99863643
22101,0,1.00,-8.00,-1.9953848,0.036836207,0.0035218819,0.99864260
22201,0,1.00,-8.00,-1.9954056,0.036670668,0.0035060513,0.99864871
22301,0,1.00,-8.00,-1.9954262,0.036506609,0.0034903624,0.99865477
22401,0,1.00,-8.00,-1.9954466,0.036344013,0.0034748133,0.99866077
22501,0,1.00,-8.00,-1.9954669,0.036182858,0.0034594021,0.99866673
22601,0,1.00,-8.00,-1.9954869,0.036023126,0.0034441270,0.99867263
22701,0,1.00,-8.00,-1.9955068,0.035864798,0.0034289862,0.99867847
22801,0,1.00,-8.00,-1.9955265,0.035707856,0.0034139780,0.99868427
22901,0,1.00,-8.00,-1.9955460,0.035552281,0.0033991005,0.99869001
23001,0,1.00,-8.00,-1.9955654,0.035398056,0.0033843522,0.99869571
23101,0,1.00,-8.00,-1.9954115,0.036624149,0.0037151072,0.99861478
23201,0,1.00,-8.00,-1.9954312,0.036466654,0.0036991274,0.99862075
23301,0,1.00,-8.00,-1.9954508,0.036310508,0.0036832846,0.99862667
23401,0,1.00,-8.00,-1.9954703,0.036155694,0.0036675768,0.99863254
23501,0,1.00,-8.00,-1.9954896,0.036002194,0.0036520024,0.99863836
23601,0,1.00,-8.00,-1.9955087,0.035849993,0.0036365598,0.99864413
23701,0,1.00,-8.00,-1.9955276,0.035699072,0.0036212472,0.99864985
23801,0,1.00,-8.00,-1.9955464,0.035549417,0.0036060630,0.99865552
23901,0,1.00,-8.00,-1.9955650,0.035401012,0.0035910057,0.99866114
24001,0,1.00,-8.00,-1.9955835,0.035253840,0.0035760735,0.99866672
24101,0,1.00,-8.00,-1.9956018,0.035107887,0.0035612650,0.99867225
24201,0,1.00,-8.00,-1.9956200,0.034963137,0.0035465787,0.99867774
24301,0,1.00,-8.00,-1.9956380,0.034819577,0.0035320130,0.99868318
24401,0,1.00,-8.00,-1.9956559,0.034677190,0.0035175664,0.99868858
24501,0,1.00,-8.00,-1.9956736,0.034535963,0.0035032375,0.99869393
24601,0,1.00,-8.00,-1.9956912,0.034395882,0.0034890249,0.99869924
24701,0,1.00,-8.00,-1.9957087,0.034256932,0.0034749272,0.99870451
24801,0,1.00,-8.00,-1.9957260,0.034119101,0.0034609429,0.99870973
24901,0,1.00,-8.00,-1.9957431,0.033982374,0.0034470707,0.99871491
25001,0,1.00,-8.00,-1.9957602,0.033846739,0.0034333093,0.99872005
25101,0,1.00,-8.00,-1.9957771,0.033712182,0.0034196574,0.99872515
25201,0,1.00,-8.00,-1.9957938,0.033578690,0.0034061135,0.99873021
25301,0,1.00,-8.00,-1.9955733,0.035335237,0.0036289965,0.99865618
25401,0,1.00,-8.00,-1.9955907,0.035196435,0.0036147380,0.99866147
25501,0,1.00,-8.00,-1.9956080,0.035058719,0.0036005911,0.99866672
25601,0,1.00,-8.00,-1.9956252,0.034922076,0.0035865545,0.99867193
25701,0,1.00,-8.00,-1.9956422,0.034786495,0.0035726269,0.99867709
25801,0,1.00,-8.00,-1.9956591,0.034651962,0.0035588071,0.99868222
25901,0,1.00,-8.00,-1.9956758,0.034518466,0.0035450938,0.99868731
26001,0,1.00,-8.00,-1.9956925,0.034385994,0.0035314857,0.99869236
26101,0,1.00,-8.00,-1.9957090,0.034254535,0.0035179818,0.99869737
26201,0,1.00,-8.00,-1.9955727,0.035340091,0.0035805116,0.99866417
26301,0,1.00,-8.00,-1.9955895,0.035206020,0.0035669250,0.99866925
26401,0,1.00,-8.00,-1.9956062,0.035072963,0.0035534412,0.99867429
26501,0,1.00,-8.00,-1.9953964,0.036744026,0.0036526513,0.99862269
26601,0,1.00,-8.00,-1.9954137,0.036606214,0.0036389485,0.99862787
26701,0,1.00,-8.00,-1.9954309,0.036469431,0.0036253481,0.99863301
26801,0,1.00,-8.00,-1.9954479,0.036333666,0.0036118490,0.99863811
26901,0,1.00,-8.00,-1.9954649,0.036198909,0.0035984500,0.99864317
27001,0,1.00,-8.00,-1.9954816,0.036065147,0.0035851501,0.99864820
27101,0,1.00,-8.00,-1.9954983,0.035932371,0.0035719481,0.99865319
27201,0,1.00,-8.00,-1.9955149,0.035800568,0.0035588430,0.99865814
27301,0,1.00,-8.00,-1.9955313,0.035669729,0.0035458337,0.99866305
27401,0,1.00,-8.00,-1.9955476,0.035539843,0.0035329192,0.99866793
27501,0,1.00,-8.00,-1.9955638,0.035410899,0.0035200984,0.99867278
27601,0,1.00,-8.00,-1.9955799,0.035282887,0.0035073703,0.99867758
27701,0,1.00,-8.00,-1.9955958,0.035155798,0.0034947339,0.99868236
27801,0,1.00,-8.00,-1.9956117,0.035029621,0.0034821883,0.99868710
27901,0,1.00,-8.00,-1.9955557,0.035475275,0.0036127162,0.99865596
28001,0,1.00,-8.00,-1.9955716,0.035348863,0.0035998398,0.99866076
28101,0,1.00,-8.00,-1.9955873,0.035223349,0.0035870549,0.99866553
28201,0,1.00,-8.00,-1.9956030,0.035098723,0.0035743604,0.99867026
28301,0,1.00,-8.00,-1.9953359,0.037226152,0.0040197311,0.99855129
28401,0,1.00,-8.00,-1.9953523,0.037095384,0.0040056071,0.99855639
28501,0,1.00,-8.00,-1.9953686,0.036965531,0.0039915820,0.99856145
28601,0,1.00,-8.00,-1.9949652,0.040176916,0.0042908658,0.99844411
28701,0,1.00,-8.00,-1.9949828,0.040037283,0.0042759492,0.99844953
28801,0,1.00,-8.00,-1.9950002,0.039898618,0.0042611359,0.99845491
28901,0,1.00,-8.00,-1.9950175,0.039760910,0.0042464249,0.99846026
29001,0,1.00,-8.00,-1.9949657,0.040173096,0.0043693134,0.99843109
29101,0,1.00,-8.00,-1.9949830,0.040035396,0.0043543328,0.99843648
29201,0,1.00,-8.00,-1.9950002,0.039898637,0.0043394546,0.99844183
29301,0,1.00,-8.00,-1.9950172,0.039762809,0.0043246777,0.99844715
29401,0,1.00,-8.00,-1.9950342,0.039627903,0.0043100011,0.99845243
29501,0,1.00,-8.00,-1.9950510,0.039493908,0.0042954238,0.99845768
29601,0,1.00,-8.00,-1.9950677,0.039360817,0.0042809448,0.99846289
29701,0,1.00,-8.00,-1.9950843,0.039228620,0.0042665630,0.99846807
29801,0,1.00,-8.00,-1.9951008,0.039097308,0.0042522776,0.99847321
29901,0,1.00,-8.00,-1.9951172,0.038966873,0.0042380874,0.99847831
30001,0,1.00,-8.00,-1.9951335,0.038837304,0.0042239917,0.99848338
30101,0,1.00,-8.00,-1.9951497,0.038708595,0.0042099895,0.99848842
30201,0,1.00,-8.00,-1.9951657,0.038580735,0.0041960797,0.99849343
30301,0,1.00,-8.00,-1.9951817,0.038453718,0.0041822616,0.99849840
30401,0,1.00,-8.00,-1.9951975,0.038327534,0.0041685342,0.99850334
30501,0,1.00,-8.00,-1.9952133,0.038202175,0.0041548966,0.99850825
30601,0,1.00,-8.00,-1.9952289,0.038077634,0.0041413479,0.99851312
30701,0,1.00,-8.00,-1.9950490,0.039509782,0.0043225314,0.99845282
30801,0,1.00,-8.00,-1.9950651,0.039381825,0.0043085286,0.99845784
30901,0,1.00,-8.00,-1.9950811,0.039254694,0.0042946163,0.99846283
31001,0,1.00,-8.00,-1.9950969,0.039128381,0.0042807935,0.99846779
31101,0,1.00,-8.00,-1.9951127,0.039002878,0.0042670595,0.99847272
31201,0,1.00,-8.00,-1.9951284,0.038878178,0.0042534132,0.99847761
31301,0,1.00,-8.00,-1.9951439,0.038754273,0.0042398540,0.99848248
31401,0,1.00,-8.00,-1.9951594,0.038631155,0.0042263810,0.99848731
31501,0,1.00,-8.00,-1.9951748,0.038508817,0.0042129933,0.99849211
31601,0,1.00,-8.00,-1.9951900,0.038387252,0.0041996901,0.99849688
31701,0,1.00,-8.00,-1.9951421,0.038768731,0.0042178254,0.99848585
31801,0,1.00,-8.00,-1.9951574,0.038647116,0.0042045910,0.99849061
31901,0,1.00,-8.00,-1.9951726,0.038526263,0.0041914393,0.99849534
32001,0,1.00,-8.00,-1.9951877,0.038406162,0.0041783697,0.99850005
32101,0,1.00,-8.00,-1.9952026,0.038286808,0.0041653813,0.99850472
32201,0,1.00,-8.00,-1.9952175,0.038168194,0.0041524735,0.99850936
32301,0,1.00,-8.00,-1.9952323,0.038050312,0.0041396453,0.99851398
32401,0,1.00,-8.00,-1.9952471,0.037933156,0.0041268962,0.99851856
32501,0,1.00,-8.00,-1.9952617,0.037816719,0.0041142254,0.99852312
32601,0,1.00,-8.00,-1.9952762,0.037700995,0.0041016321,0.99852765
32701,0,1.00,-8.00,-1.9952907,0.037585977,0.0040891157,0.99853215
32801,0,1.00,-8.00,-1.9953050,0.037471659,0.0040766755,0.99853663
32901,0,1.00,-8.00,-1.9953193,0.037358034,0.0040643107,0.99854108
33001,0,1.00,-8.00,-1.9953335,0.037245096,0.0040520207,0.99854550
33101,0,1.00,-8.00,-1.9953476,0.037132839,0.0040398048,0.99854989
33201,0,1.00,-8.00,-1.9953013,0.037500920,0.0040576068,0.99853920
33301,0,1.00,-8.00,-1.9953155,0.037388572,0.0040454478,0.99854359
33401,0,1.00,-8.00,-1.9953295,0.037276896,0.0040333613,0.99854795
33501,0,1.00,-8.00,-1.9953434,0.037165884,0.0040213469,0.99855228
33601,0,1.00,-8.00,-1.9953573,0.037055532,0.0040094038,0.99855659
33701,0,1.00,-8.00,-1.9953711,0.036945834,0.0039975315,0.99856087
33801,0,1.00,-8.00,-1.9953848,0.036836782,0.0039857293,0.99856513
33901,0,1.00,-8.00,-1.9953984,0.036728373,0.0039739965,0.99856936
34001,0,1.00,-8.00,-1.9954119,0.036620600,0.0039623327,0.99857357
34101,0,1.00,-8.00,-1.9954254,0.036513458,0.0039507371,0.99857775
34201,0,1.00,-8.00,-1.9954387,0.036406940,0.0039392091,0.99858191
34301,0,1.00,-8.00,-1.9954520,0.036301043,0.0039277483,0.99858605
34401,0,1.00,-8.00,-1.9954652,0.036195759,0.0039163539,0.99859016
34501,0,1.00,-8.00,-1.9954784,0.036091085,0.0039050255,0.99859424
34601,0,1.00,-8.00,-1.9954915,0.035987014,0.0038937624,0.99859831
34701,0,1.00,-8.00,-1.9955045,0.035883542,0.0038825640,0.99860235
34801,2,1.00,0.00,-1.9954599,0.036238345,0.0039860455,0.99857763
34901,0,1.00,-8.00,-1.9953583,0.037047425,0.0042032041,0.99852440
35001,0,1.00,-8.00,-1.9953716,0.036941824,0.0041912201,0.99852861
35101,0,1.00,-8.00,-1.9951568,0.038651510,0.0044631640,0.99844734
35201,0,1.00,-8.00,-1.9951706,0.038541973,0.0044505122,0.99845175
35301,0,1.00,-8.00,-1.9951843,0.038433056,0.0044379320,0.99845613
35401,0,1.00,-8.00,-1.9951979,0.038324752,0.0044254227,0.99846050
35501,0,1.00,-8.00,-1.9952114,0.038217057,0.0044129837,0.99846483
35601,0,1.00,-8.00,-1.9952249,0.038109966,0.0044006144,0.99846914
35701,0,1.00,-8.00,-1.9952382,0.038003473,0.0043883143,0.99847343
35801,0,1.00,-8.00,-1.9952515,0.037897574,0.0043760827,0.99847770
35901,0,1.00,-8.00,-1.9952648,0.037792263,0.0043639192,0.99848194
36001,0,1.00,-8.00,-1.9952779,0.037687536,0.0043518230,0.99848615
36101,0,1.00,-8.00,-1.9952910,0.037583388,0.0043397938,0.99849035
36201,0,1.00,-8.00,-1.9953040,0.037479813,0.0043278309,0.99849452
36301,0,1.00,-8.00,-1.9953169,0.037376808,0.0043159337,0.99849866
36401,0,1.00,-8.00,-1.9953298,0.037274368,0.0043041018,0.99850279
36501,0,1.00,-8.00,-1.9953426,0.037172487,0.0042923345,0.99850689
36601,0,1.00,-8.00,-1.9953553,0.037071162,0.0042806314,0.99851097
36701,0,1.00,-8.00,-1.9949865,0.040007359,0.0047848189,0.99836517
36801,0,1.00,-8.00,-1.9950001,0.039898919,0.0047718460,0.99836961
36901,0,1.00,-8.00,-1.9950137,0.039791065,0.0047589433,0.99837403
37001,0,1.00,-8.00,-1.9950272,0.039683792,0.0047461101,0.99837842
37101,0,1.00,-8.00,-1.9950406,0.039577096,0.0047333460,0.99838279
37201,0,1.00,-8.00,-1.9950539,0.039470973,0.0047206503,0.99838714
37301,0,1.00,-8.00,-1.9950672,0.039365417,0.0047080226,0.99839146
37401,0,1.00,-8.00,-1.9950269,0.039686104,0.0047220272,0.99838240
37501,0,1.00,-8.00,-1.9949868,0.040005069,0.0047359565,0.99837338
37601,0,1.00,-8.00,-1.9950001,0.039898942,0.0047233893,0.99837770
37701,0,1.00,-8.00,-1.9950134,0.039793376,0.0047108886,0.99838201
37801,0,1.00,-8.00,-1.9950266,0.039688368,0.0046984538,0.99838629
37901,0,1.00,-8.00,-1.9950397,0.039583912,0.0046860846,0.99839054
38001,0,1.00,-8.00,-1.9950528,0.039480005,0.0046737803,0.99839478
38101,0,1.00,-8.00,-1.9950657,0.039376642,0.0046615405,0.99839899
38201,0,1.00,-8.00,-1.9950787,0.039273819,0.0046493646,0.99840318
38301,0,1.00,-8.00,-1.9950915,0.039171531,0.0046372521,0.99840735
38401,0,1.00,-8.00,-1.9951043,0.039069775,0.0046252026,0.99841150
38501,0,1.00,-8.00,-1.9951170,0.038968546,0.0046132156,0.99841563
38601,0,1.00,-8.00,-1.9951297,0.038867840,0.0046012905,0.99841973
38701,0,1.00,-8.00,-1.9951422,0.038767654,0.0045894269,0.99842381
38801,0,1.00,-8.00,-1.9951032,0.039078334,0.0046032341,0.99841499
38901,0,1.00,-8.00,-1.9951158,0.038978124,0.0045914267,0.99841906
39001,0,1.00,-8.00,-1.9949745,0.040103074,0.0047328645,0.99837184
39101,0,1.00,-8.00,-1.9949362,0.040407904,0.0048227516,0.99835043
39201,0,1.00,-8.00,-1.9949491,0.040305086,0.0048104767,0.99835463
39301,0,1.00,-8.00,-1.9949620,0.040202791,0.0047982641,0.99835882
39401,0,1.00,-8.00,-1.9949747,0.040101013,0.0047861133,0.99836299
39501,0,1.00,-8.00,-1.9949875,0.039999749,0.0047740239,0.99836713
39601,0,1.00,-8.00,-1.9950001,0.039898995,0.0047619955,0.99837125
39701,0,1.00,-8.00,-1.9950127,0.039798747,0.0047500275,0.99837536
39801,0,1.00,-8.00,-1.9950253,0.039699002,0.0047381195,0.99837944
39901,0,1.00,-8.00,-1.9950377,0.039599756,0.0047262711,0.99838350
40001,0,1.00,-8.00,-1.9950501,0.039501005,0.0047144818,0.99838754
40101,0,1.00,-8.00,-1.9949627,0.040196750,0.0047523018,0.99836662
40201,0,1.00,-8.00,-1.9949752,0.040097013,0.0047405070,0.99837069
40301,0,1.00,-8.00,-1.9949877,0.039997769,0.0047287705,0.99837473
40401,0,1.00,-8.00,-1.9950001,0.039899015,0.0047170920,0.99837875
40501,0,1.00,-8.00,-1.9950125,0.039800748,0.0047054710,0.99838276
40601,0,1.00,-8.00,-1.9950248,0.039702963,0.0046939072,0.99838674
40701,0,1.00,-8.00,-1.9950370,0.039605658,0.0046824000,0.99839070
40801,0,1.00,-8.00,-1.9950491,0.039508828,0.0046709492,0.99839465
40901,0,1.00,-8.00,-1.9950612,0.039412471,0.0046595542,0.99839857
41001,0,1.00,-8.00,-1.9949757,0.040093169,0.0047696900,0.99836589
41101,0,1.00,-8.00,-1.9949880,0.039995866,0.0047581111,0.99836987
41201,0,1.00,-8.00,-1.9950001,0.039899034,0.0047465883,0.99837383
41301,0,1.00,-8.00,-1.9950122,0.039802670,0.0047351212,0.99837776
41401,0,1.00,-8.00,-1.9950243,0.039706770,0.0047237093,0.99838168
41501,0,1.00,-8.00,-1.9950363,0.039611332,0.0047123524,0.99838558
41601,0,1.00,-8.00,-1.9950482,0.039516351,0.0047010499,0.99838946
41701,0,1.00,-8.00,-1.9950601,0.039421824,0.0046898015,0.99839332
41801,0,1.00,-8.00,-1.9950719,0.039327749,0.0046786068,0.99839717
41901,0,1.00,-8.00,-1.9950836,0.039234122,0.0046674654,0.99840099
42001,0,1.00,-8.00,-1.9950954,0.039140939,0.0046563769,0.99840480
42101,0,1.00,-8.00,-1.9951070,0.039048198,0.0046453410,0.99840859
42201,0,1.00,-8.00,-1.9951186,0.038955895,0.0046343573,0.99841236
42301,0,1.00,-8.00,-1.9951301,0.038864028,0.0046234254,0.99841611
42401,0,1.00,-8.00,-1.9951416,0.038772593,0.0046125450,0.99841985
42501,0,1.00,-8.00,-1.9950119,0.039805418,0.0048831518,0.99835298
42601,0,1.00,-8.00,-1.9950236,0.039712213,0.0048717147,0.99835685
42701,0,1.00,-8.00,-1.9950352,0.039619444,0.0048603310,0.99836069
42801,0,1.00,-8.00,-1.9950468,0.039527107,0.0048490004,0.99836452
42901,0,1.00,-8.00,-1.9950584,0.039435200,0.0048377225,0.99836834
43001,0,1.00,-8.00,-1.9950699,0.039343719,0.0048264970,0.99837213
43101,0,1.00,-8.00,-1.9950813,0.039252661,0.0048153234,0.99837591
43201,0,1.00,-8.00,-1.9950927,0.039162024,0.0048042014,0.99837967
43301,0,1.00,-8.00,-1.9951040,0.039071805,0.0047931307,0.99838341
43401,0,1.00,-8.00,-1.9947006,0.042283001,0.0051949877,0.99824889
43501,0,1.00,-8.00,-1.9947128,0.042186059,0.0051830736,0.99825291
43601,0,1.00,-8.00,-1.9947249,0.042089560,0.0051712141,0.99825692
43701,0,1.00,-8.00,-1.9947370,0.041993501,0.0051594086,0.99826091
43801,0,1.00,-8.00,-1.9947490,0.041897880,0.0051476570,0.99826488
43901,0,1.00,-8.00,-1.9947609,0.041802694,0.0051359587,0.99826883
44001,0,1.00,-8.00,-1.9947728,0.041707939,0.0051243136,0.99827277
44101,0,1.00,-8.00,-1.9947847,0.041613612,0.0051127211,0.99827668
44201,0,1.00,-8.00,-1.9947965,0.041519712,0.0051011809,0.99828058
44301,0,1.00,-8.00,-1.9948082,0.041426234,0.0050896927,0.99828446
44401,0,1.00,-8.00,-1.9948199,0.041333176,0.0050782562,0.99828833
44501,0,1.00,-8.00,-1.9948316,0.041240535,0.0050668709,0.99829217
44601,0,1.00,-8.00,-1.9948432,0.041148309,0.0050555365,0.99829600
44701,0,1.00,-8.00,-1.9948547,0.041056494,0.0050442528,0.99829981
44801,0,1.00,-8.00,-1.9948662,0.040965088,0.0050330193,0.99830361
44901,0,1.00,-8.00,-1.9948776,0.040874088,0.0050218357,0.99830739
45001,0,1.00,-8.00,-1.9948890,0.040783491,0.0050107017,0.99831115
45101,0,1.00,-8.00,-1.9949003,0.040693295,0.0049996170,0.99831489
45201,0,1.00,-8.00,-1.9949116,0.040603497,0.0049885812,0.99831862
45301,0,1.00,-8.00,-1.9949228,0.040514095,0.0049775941,0.99832233
45401,0,1.00,-8.00,-1.9949340,0.040425086,0.0049666552,0.99832603
45501,0,1.00,-8.00,-1.9949452,0.040336466,0.0049557643,0.99832971
45601,0,1.00,-8.00,-1.9949563,0.040248235,0.0049449210,0.99833337
45701,0,1.00,-8.00,-1.9949673,0.040160388,0.0049341251,0.99833702
45801,0,1.00,-8.00,-1.9949783,0.040072924,0.0049233763,0.99834065
45901,0,1.00,-8.00,-1.9949892,0.039985841,0.0049126741,0.99834426
46001,0,1.00,-8.00,-1.9949132,0.040591263,0.0049452065,0.99832612
46101,0,1.00,-8.00,-1.9949242,0.040503439,0.0049345039,0.99832975
46201,0,1.00,-8.00,-1.9949352,0.040415994,0.0049238475,0.99833337
46301,0,1.00,-8.00,-1.9949461,0.040328925,0.0049132370,0.99833697
46401,0,1.00,-8.00,-1.9949570,0.040242231,0.0049026721,0.99834055
46501,0,1.00,-8.00,-1.9949679,0.040155909,0.0048921526,0.99834412
46601,0,1.00,-8.00,-1.9949786,0.040069956,0.0048816782,0.99834767
46701,0,1.00,-8.00,-1.9949894,0.039984370,0.0048712484,0.99835121
46801,0,1.00,-8.00,-1.9950001,0.039899150,0.0048608632,0.99835474
46901,0,1.00,-8.00,-1.9950108,0.039814291,0.0048505221,0.99835824
47001,0,1.00,-8.00,-1.9950214,0.039729793,0.0048402250,0.99836174
47101,0,1.00,-8.00,-1.9950320,0.039645653,0.0048299715,0.99836522
47201,0,1.00,-8.00,-1.9950001,0.039899157,0.0048408086,0.99835809
47301,0,1.00,-8.00,-1.9950107,0.039815016,0.0048305973,0.99836156
47401,0,1.00,-8.00,-1.9950212,0.039731230,0.0048204290,0.99836501
47501,0,1.00,-8.00,-1.9950317,0.039647795,0.0048103034,0.99836846
47601,0,1.00,-8.00,-1.9950421,0.039564710,0.0048002202,0.99837188
47701,0,1.00,-8.00,-1.9950525,0.039481973,0.0047901793,0.99837530
47801,0,1.00,-8.00,-1.9949792,0.040065689,0.0048217473,0.99835777
47901,0,1.00,-8.00,-1.9949479,0.040314598,0.0048949338,0.99834033
48001,0,1.00,-8.00,-1.9949584,0.040230824,0.0048847591,0.99834378
48101,0,1.00,-8.00,-1.9949689,0.040147396,0.0048746267,0.99834723
48201,0,1.00,-8.00,-1.9949794,0.040064314,0.0048645362,0.99835066
48301,0,1.00,-8.00,-1.9949898,0.039981576,0.0048544874,0.99835407
48401,0,1.00,-8.00,-1.9950001,0.039899178,0.0048444800,0.99835747
48501,0,1.00,-8.00,-1.9950104,0.039817119,0.0048345138,0.99836086
48601,0,1.00,-8.00,-1.9950207,0.039735397,0.0048245885,0.99836423
48701,0,1.00,-8.00,-1.9950309,0.039654009,0.0048147039,0.99836759
48801,0,1.00,-8.00,-1.9950411,0.039572955,0.0048048597,0.99837094
48901,0,1.00,-8.00,-1.9950512,0.039492231,0.0047950557,0.99837427
49001,0,1.00,-8.00,-1.9950613,0.039411836,0.0047852916,0.99837758
49101,0,1.00,-8.00,-1.9950714,0.039331767,0.0047755671,0.99838089
49201,0,1.00,-8.00,-1.9950814,0.039252023,0.0047658822,0.99838418
49301,0,1.00,-8.00,-1.9950914,0.039172602,0.0047562364,0.99838746
49401,0,1.00,-8.00,-1.9951013,0.039093502,0.0047466296,0.99839072
49501,0,1.00,-8.00,-1.9950304,0.039657985,0.0047772036,0.99837377
49601,0,1.00,-8.00,-1.9950404,0.039578230,0.0047675936,0.99837705
49701,0,1.00,-8.00,-1.9950504,0.039498795,0.0047580222,0.99838031
49801,0,1.00,-8.00,-1.9950603,0.039419678,0.0047484892,0.99838357
49901,0,1.00,-8.00,-1.9950702,0.039340877,0.0047389942,0.99838681
50001,0,1.00,-8.00,-1.9950801,0.039262391,0.0047295372,0.99839003
50101,0,1.00,-8.00,-1.9950899,0.039184217,0.0047201179,0.99839325
50201,0,1.00,-8.00,-1.9950997,0.039106355,0.0047107360,0.99839645
50301,0,1.00,-8.00,-1.9951094,0.039028800,0.0047013913,0.99839963
50401,0,1.00,-8.00,-1.9951191,0.038951553,0.0046920836,0.99840281
50501,0,1.00,-8.00,-1.9951288,0.038874611,0.0046828127,0.99840597
50601,0,1.00,-8.00,-1.9951384,0.038797973,0.0046735783,0.99840912
50701,0,1.00,-8.00,-1.9951480,0.038721636,0.0046643803,0.99841226
50801,0,1.00,-8.00,-1.9951576,0.038645599,0.0046552185,0.99841539
50901,0,1.00,-8.00,-1.9951671,0.038569859,0.0046460925,0.99841850
51001,0,1.00,-8.00,-1.9951766,0.038494417,0.0046370023,0.99842160
51101,0,1.00,-8.00,-1.9951860,0.038419268,0.0046279476,0.99842469
51201,0,1.00,-8.00,-1.9951954,0.038344413,0.0046189282,0.99842777
51301,0,1.00,-8.00,-1.9952048,0.038269848,0.0046099438,0.99843083
51401,0,1.00,-8.00,-1.9952141,0.038195574,0.0046009943,0.99843388
51501,0,1.00,-8.00,-1.9952234,0.038121586,0.0045920796,0.99843692
51601,0,1.00,-8.00,-1.9952327,0.038047885,0.0045831993,0.99843995
51701,0,1.00,-8.00,-1.9952419,0.037974469,0.0045743532,0.99844297
51801,0,1.00,-8.00,-1.9952511,0.037901335,0.0045655413,0.99844598
51901,0,1.00,-8.00,-1.9952602,0.037828482,0.0045567632,0.99844897
52001,0,1.00,-8.00,-1.9952693,0.037755909,0.0045480189,0.99845195
52101,0,1.00,-8.00,-1.9952784,0.037683614,0.0045393080,0.99845492
52201,0,1.00,-8.00,-1.9952874,0.037611595,0.0045306304,0.99845788
52301,0,1.00,-8.00,-1.9952965,0.037539850,0.0045219860,0.99846083
52401,0,1.00,-8.00,-1.9953054,0.037468379,0.0045133744,0.99846377
52501,0,1.00,-8.00,-1.9953144,0.037397180,0.0045047956,0.99846670
52601,0,1.00,-8.00,-1.9953233,0.037326251,0.0044962494,0.99846961
52701,0,1.00,-8.00,-1.9952183,0.038162085,0.0046011158,0.99843456
52801,0,1.00,-8.00,-1.9952274,0.038089983,0.0045924203,0.99843753
52901,0,1.00,-8.00,-1.9952364,0.038018152,0.0045837576,0.99844048
53001,0,1.00,-8.00,-1.9952454,0.037946592,0.0045751275,0.99844343
53101,0,1.00,-8.00,-1.9952543,0.037875301,0.0045665298,0.99844636
53201,0,1.00,-8.00,-1.9952632,0.037804277,0.0045579644,0.99844928
53301,0,1.00,-8.00,-1.9952721,0.037733519,0.0045494310,0.99845219
53401,0,1.00,-8.00,-1.9952810,0.037663026,0.0045409295,0.99845509
53501,0,1.00,-8.00,-1.9952898,0.037592795,0.0045324598,0.99845797
53601,0,1.00,-8.00,-1.9952986,0.037522826,0.0045240216,0.99846085
53701,0,1.00,-8.00,-1.9952701,0.037749659,0.0045341216,0.99845440
53801,0,1.00,-8.00,-1.9952789,0.037679659,0.0045257117,0.99845728
53901,0,1.00,-8.00,-1.9952877,0.037609919,0.0045173330,0.99846014
54001,0,1.00,-8.00,-1.9952964,0.037540437,0.0045089853,0.99846299
54101,0,1.00,-8.00,-1.9953051,0.037471210,0.0045006683,0.99846583
54201,0,1.00,-8.00,-1.9953137,0.037402239,0.0044923820,0.99846866
54301,0,1.00,-8.00,-1.9953224,0.037333521,0.0044841261,0.99847148
54401,0,1.00,-8.00,-1.9953310,0.037265055,0.0044759005,0.99847429
54501,0,1.00,-8.00,-1.9953395,0.037196840,0.0044677051,0.99847709
54601,0,1.00,-8.00,-1.9953481,0.037128874,0.0044595396,0.99847988
54701,0,1.00,-8.00,-1.9953200,0.037352291,0.0044695738,0.99847352
54801,0,1.00,-8.00,-1.9953286,0.037284291,0.0044614348,0.99847631
54901,0,1.00,-8.00,-1.9953371,0.037216538,0.0044533253,0.99847908
55001,0,1.00,-8.00,-1.9953455,0.037149031,0.0044452453,0.99848185
55101,0,1.00,-8.00,-1.9953540,0.037081768,0.0044371945,0.99848460
55201,0,1.00,-8.00,-1.9953624,0.037014748,0.0044291729,0.99848735
55301,0,1.00,-8.00,-1.9953708,0.036947970,0.0044211802,0.99849008
55401,0,1.00,-8.00,-1.9953791,0.036881433,0.0044132163,0.99849281
55501,0,1.00,-8.00,-1.9953875,0.036815134,0.0044052811,0.99849552
55601,0,1.00,-8.00,-1.9953958,0.036749074,0.0043973743,0.99849823
55701,0,1.00,-8.00,-1.9954040,0.036683250,0.0043894959,0.99850092
55801,0,1.00,-8.00,-1.9954123,0.036617662,0.0043816456,0.99850361
55901,0,1.00,-8.00,-1.9954205,0.036552308,0.0043738234,0.99850629
56001,0,1.00,-8.00,-1.9954287,0.036487187,0.0043660290,0.99850896
56101,0,1.00,-8.00,-1.9954368,0.036422297,0.0043582624,0.99851161
56201,0,1.00,-8.00,-1.9954449,0.036357638,0.0043505234,0.99851426
56301,0,1.00,-8.00,-1.9954530,0.036293208,0.0043428118,0.99851690
56401,0,1.00,-8.00,-1.9954256,0.036511396,0.0043527523,0.99851066
56501,0,1.00,-8.00,-1.9954337,0.036446923,0.0043450641,0.99851330
56601,0,1.00,-8.00,-1.9954418,0.036382677,0.0043374031,0.99851593
56701,0,1.00,-8.00,-1.9954498,0.036318658,0.0043297690,0.99851854
56801,0,1.00,-8.00,-1.9954578,0.036254863,0.0043221617,0.99852115
56901,0,1.00,-8.00,-1.9954658,0.036191292,0.0043145811,0.99852375
57001,0,1.00,-8.00,-1.9954738,0.036127944,0.0043070271,0.99852634
57101,0,1.00,-8.00,-1.9954817,0.036064817,0.0042994994,0.99852892
57201,0,1.00,-8.00,-1.9954896,0.036001910,0.0042919981,0.99853149
57301,0,1.00,-8.00,-1.9954975,0.035939222,0.0042845228,0.99853406
57401,0,1.00,-8.00,-1.9954356,0.036431709,0.0043638714,0.99851048
57501,0,1.00,-8.00,-1.9954436,0.036368495,0.0043562976,0.99851307
57601,0,1.00,-8.00,-1.9954515,0.036305501,0.0043487501,0.99851565
57701,0,1.00,-8.00,-1.9954594,0.036242724,0.0043412286,0.99851822
57801,0,1.00,-8.00,-1.9954672,0.036180164,0.0043337331,0.99852079
57901,0,1.00,-8.00,-1.9954405,0.036392898,0.0043951417,0.99850607
58001,0,1.00,-8.00,-1.9954484,0.036330295,0.0043875794,0.99850865
58101,0,1.00,-8.00,-1.9954218,0.036542035,0.0044486825,0.99849400
58201,0,1.00,-8.00,-1.9953953,0.036753041,0.0044581326,0.99848800
58301,0,1.00,-8.00,-1.9954032,0.036690146,0.0044505015,0.99849059
58401,0,1.00,-8.00,-1.9954110,0.036627466,0.0044428965,0.99849318
58501,0,1.00,-8.00,-1.9954189,0.036565000,0.0044353174,0.99849575
58601,0,1.00,-8.00,-1.9954267,0.036502746,0.0044277642,0.99849832
58701,0,1.00,-8.00,-1.9954345,0.036440704,0.0044202366,0.99850088
58801,0,1.00,-8.00,-1.9954423,0.036378873,0.0044127346,0.99850343
58901,0,1.00,-8.00,-1.9954500,0.036317251,0.0044052580,0.99850597
59001,0,1.00,-8.00,-1.9954577,0.036255837,0.0043978067,0.99850850
59101,0,1.00,-8.00,-1.9954654,0.036194631,0.0043903805,0.99851102
59201,0,1.00,-8.00,-1.9954393,0.036402669,0.0044503439,0.99849665
59301,0,1.00,-8.00,-1.9954470,0.036341423,0.0044428544,0.99849918
59401,0,1.00,-8.00,-1.9954546,0.036280382,0.0044353901,0.99850171
59501,0,1.00,-8.00,-1.9954623,0.036219547,0.0044279509,0.99850423
59601,0,1.00,-8.00,-1.9954699,0.036158915,0.0044205365,0.99850674
59701,0,1.00,-8.00,-1.9954775,0.036098485,0.0044131470,0.99850924
59801,0,1.00,-8.00,-1.9954850,0.036038257,0.0044057821,0.99851173
59901,0,1.00,-8.00,-1.9954592,0.036244129,0.0044150365,0.99850587
60001,0,1.00,-8.00,-1.9954667,0.036183861,0.0044076931,0.99850836
60101,0,1.00,-8.00,-1.9954743,0.036123792,0.0044003740,0.99851084
60201,0,1.00,-8.00,-1.9954818,0.036063923,0.0043930793,0.99851331
60301,0,1.00,-8.00,-1.9954893,0.036004251,0.0043858087,0.99851578
60401,0,1.00,-8.00,-1.9954968,0.035944777,0.0043785621,0.99851824
60501,0,1.00,-8.00,-1.9955042,0.035885499,0.0043713394,0.99852069
60601,0,1.00,-8.00,-1.9955116,0.035826416,0.0043641405,0.99852313
60701,0,1.00,-8.00,-1.9955190,0.035767528,0.0043569653,0.99852556
60801,0,1.00,-8.00,-1.9955264,0.035708832,0.0043498136,0.99852798
60901,0,1.00,-8.00,-1.9955337,0.035650329,0.0043426854,0.99853040
61001,0,1.00,-8.00,-1.9955411,0.035592018,0.0043355805,0.99853281
61101,0,1.00,-8.00,-1.9955484,0.035533896,0.0043284988,0.99853521
61201,0,1.00,-8.00,-1.9955556,0.035475965,0.0043214402,0.99853761
61301,0,1.00,-8.00,-1.9955629,0.035418222,0.0043144046,0.99853999
61401,0,1.00,-8.00,-1.9955701,0.035360666,0.0043073919,0.99854237
61501,0,1.00,-8.00,-1.9955773,0.035303298,0.0043004019,0.99854474
61601,0,1.00,-8.00,-1.9955845,0.035246115,0.0042934346,0.99854710
61701,0,1.00,-8.00,-1.9955916,0.035189117,0.0042864898,0.99854946
61801,0,1.00,-8.00,-1.9955341,0.035647798,0.0044086360,0.99851944
61901,0,1.00,-8.00,-1.9955413,0.035590339,0.0044015281,0.99852183
62001,0,1.00,-8.00,-1.9955485,0.035533064,0.0043944431,0.99852422
62101,0,1.00,-8.00,-1.9955556,0.035475973,0.0043873808,0.99852659
62201,0,1.00,-8.00,-1.9955628,0.035419066,0.0043803412,0.99852896
62301,0,1.00,-8.00,-1.9955699,0.035362340,0.0043733241,0.99853132
62401,0,1.00,-8.00,-1.9955770,0.035305796,0.0043663295,0.99853368
62501,0,1.00,-8.00,-1.9955841,0.035249433,0.0043593572,0.99853602
62601,0,1.00,-8.00,-1.9955911,0.035193249,0.0043524072,0.99853836
62701,0,1.00,-8.00,-1.9955982,0.035137244,0.0043454792,0.99854069
62801,0,1.00,-8.00,-1.9956052,0.035081418,0.0043385733,0.99854302
62901,0,1.00,-8.00,-1.9956122,0.035025768,0.0043316894,0.99854533
63001,0,1.00,-8.00,-1.9956191,0.034970294,0.0043248272,0.99854764
63101,0,1.00,-8.00,-1.9956261,0.034914996,0.0043179867,0.99854994
63201,0,1.00,-8.00,-1.9956330,0.034859873,0.0043111678,0.99855224
63301,0,1.00,-8.00,-1.9956399,0.034804923,0.0043043705,0.99855453
63401,0,1.00,-8.00,-1.9956468,0.034750146,0.0042975945,0.99855681
63501,0,1.00,-8.00,-1.9956536,0.034695542,0.0042908399,0.99855908
63601,0,1.00,-8.00,-1.9956604,0.034641108,0.0042841064,0.99856134
63701,0,1.00,-8.00,-1.9956673,0.034586846,0.0042773940,0.99856360
63801,0,1.00,-8.00,-1.9956740,0.034532753,0.0042707027,0.99856585
63901,0,1.00,-8.00,-1.9956808,0.034478829,0.0042640322,0.99856810
64001,0,1.00,-8.00,-1.9956251,0.034922893,0.0043820193,0.99853909
64101,0,1.00,-8.00,-1.9956319,0.034868531,0.0043751965,0.99854136
64201,0,1.00,-8.00,-1.9956387,0.034814338,0.0043683949,0.99854364
64301,0,1.00,-8.00,-1.9956455,0.034760314,0.0043616144,0.99854590
64401,0,1.00,-8.00,-1.9956522,0.034706457,0.0043548549,0.99854816
64501,0,1.00,-8.00,-1.9956590,0.034652766,0.0043481164,0.99855041
64601,0,1.00,-8.00,-1.9956657,0.034599241,0.0043413986,0.99855265
64701,0,1.00,-8.00,-1.9956724,0.034545882,0.0043347016,0.99855489
64801,0,1.00,-8.00,-1.9956791,0.034492686,0.0043280252,0.99855712
64901,0,1.00,-8.00,-1.9956857,0.034439655,0.0043213694,0.99855934
65001,0,1.00,-8.00,-1.9956924,0.034386786,0.0043147340,0.99856156
65101,0,1.00,-8.00,-1.9956990,0.034334079,0.0043081189,0.99856377
65201,0,1.00,-8.00,-1.9957056,0.034281533,0.0043015241,0.99856597
65301,0,1.00,-8.00,-1.9957122,0.034229148,0.0042949495,0.99856817
65401,0,1.00,-8.00,-1.9957187,0.034176923,0.0042883949,0.99857036
65501,0,1.00,-8.00,-1.9957253,0.034124857,0.0042818603,0.99857254
65601,0,1.00,-8.00,-1.9957318,0.034072950,0.0042753456,0.99857472
65701,0,1.00,-8.00,-1.9957383,0.034021200,0.0042688506,0.99857689
65801,0,1.00,-8.00,-1.9957144,0.034211726,0.0042774861,0.99857145
65901,0,1.00,-8.00,-1.9957209,0.034159924,0.0042710077,0.99857362
66001,0,1.00,-8.00,-1.9957273,0.034108278,0.0042645489,0.99857578
66101,0,1.00,-8.00,-1.9957338,0.034056788,0.0042581096,0.99857793
66201,0,1.00,-8.00,-1.9957402,0.034005453,0.0042516897,0.99858008
66301,0,1.00,-8.00,-1.9957467,0.033954273,0.0042452892,0.99858222
66401,0,1.00,-8.00,-1.9957531,0.033903246,0.0042389078,0.99858436
66501,0,1.00,-8.00,-1.9957595,0.033852373,0.0042325457,0.99858649
66601,0,1.00,-8.00,-1.9957658,0.033801652,0.0042262026,0.99858861
66701,0,1.00,-8.00,-1.9957722,0.033751083,0.0042198785,0.99859073
66801,0,1.00,-8.00,-1.9957785,0.033700665,0.0042135732,0.99859284
66901,0,1.00,-8.00,-1.9957848,0.033650398,0.0042072868,0.99859494
67001,0,1.00,-8.00,-1.9957911,0.033600280,0.0042010192,0.99859704
67101,0,1.00,-8.00,-1.9957974,0.033550311,0.0041947701,0.99859913
67201,0,1.00,-8.00,-1.9958036,0.033500491,0.0041885397,0.99860121
67301,0,1.00,-8.00,-1.9958099,0.033450818,0.0041823277,0.99860329
67401,0,1.00,-8.00,-1.9958161,0.033401293,0.0041761341,0.99860536
67501,0,1.00,-8.00,-1.9958223,0.033351914,0.0041699589,0.99860743
67601,0,1.00,-8.00,-1.9957693,0.033774058,0.0042818107,0.99857990
67701,0,1.00,-8.00,-1.9957755,0.033724276,0.0042754980,0.99858200
67801,0,1.00,-8.00,-1.9957818,0.033674641,0.0042692039,0.99858409
67901,0,1.00,-8.00,-1.9957880,0.033625152,0.0042629283,0.99858618
68001,0,1.00,-8.00,-1.9955001,0.035918473,0.0047991249,0.99844855
68101,0,1.00,-8.00,-1.9955067,0.035865849,0.0047920919,0.99845083
68201,0,1.00,-8.00,-1.9955133,0.035813379,0.0047850795,0.99845310
68301,0,1.00,-8.00,-1.9955198,0.035761062,0.0047780877,0.99845537
68401,0,1.00,-8.00,-1.9955264,0.035708897,0.0047711162,0.99845762
68501,0,1.00,-8.00,-1.9955329,0.035656885,0.0047641650,0.99845988
68601,0,1.00,-8.00,-1.9953645,0.036998056,0.0050187030,0.99838924
68701,0,1.00,-8.00,-1.9953712,0.036944327,0.0050114129,0.99839158
68801,0,1.00,-8.00,-1.9953780,0.036890754,0.0050041440,0.99839392
68901,0,1.00,-8.00,-1.9953847,0.036837336,0.0049968962,0.99839625
69001,0,1.00,-8.00,-1.9952754,0.037707267,0.0051774122,0.99834785
69101,0,1.00,-8.00,-1.9952823,0.037652828,0.0051699355,0.99835024
69201,0,1.00,-8.00,-1.9952891,0.037598546,0.0051624803,0.99835262
69301,0,1.00,-8.00,-1.9952959,0.037544420,0.0051550465,0.99835500
69401,0,1.00,-8.00,-1.9953027,0.037490449,0.0051476342,0.99835737
69501,0,1.00,-8.00,-1.9952519,0.037894886,0.0052118995,0.99833815
69601,0,1.00,-8.00,-1.9952587,0.037840569,0.0052044271,0.99834054
69701,0,1.00,-8.00,-1.9952655,0.037786408,0.0051969761,0.99834292
69801,0,1.00,-8.00,-1.9952150,0.038188668,0.0052180088,0.99833097
69901,0,1.00,-8.00,-1.9952218,0.038134166,0.0052105599,0.99833336
70001,0,1.00,-8.00,-1.9952286,0.038079820,0.0052031322,0.99833574
70101,0,1.00,-8.00,-1.9952354,0.038025628,0.0051957256,0.99833811
70201,0,1.00,-8.00,-1.9952422,0.037971590,0.0051883401,0.99834048
70301,0,1.00,-8.00,-1.9952490,0.037917706,0.0051809756,0.99834284
70401,0,1.00,-8.00,-1.9952273,0.038090163,0.0051877420,0.99833809
70501,0,1.00,-8.00,-1.9952341,0.038036264,0.0051803993,0.99834045
70601,0,1.00,-8.00,-1.9952409,0.037982517,0.0051730773,0.99834280
70701,0,1.00,-8.00,-1.9952193,0.038154149,0.0052221642,0.99833100
70801,0,1.00,-8.00,-1.9952261,0.038100389,0.0052148041,0.99833336
70901,0,1.00,-8.00,-1.9952328,0.038046780,0.0052074647,0.99833571
71001,0,1.00,-8.00,-1.9952395,0.037993321,0.0052001459,0.99833805
71101,0,1.00,-8.00,-1.9952462,0.037940013,0.0051928477,0.99834039
71201,0,1.00,-8.00,-1.9952529,0.037886854,0.0051855699,0.99834272
71301,0,1.00,-8.00,-1.9952595,0.037833844,0.0051783125,0.99834504
71401,0,1.00,-8.00,-1.9952662,0.037780982,0.0051710754,0.99834736
71501,0,1.00,-8.00,-1.9952728,0.037728267,0.0051638585,0.99834967
71601,0,1.00,-8.00,-1.9952794,0.037675699,0.0051566617,0.99835198
71701,0,1.00,-8.00,-1.9952860,0.037623278,0.0051494849,0.99835428
71801,0,1.00,-8.00,-1.9952925,0.037571002,0.0051423281,0.99835657
71901,0,1.00,-8.00,-1.9952991,0.037518871,0.0051351912,0.99835885
72001,0,1.00,-8.00,-1.9953056,0.037466885,0.0051280740,0.99836113
72101,0,1.00,-8.00,-1.9953121,0.037415043,0.0051209765,0.99836341
72201,0,1.00,-8.00,-1.9953186,0.037363344,0.0051138987,0.99836567
72301,0,1.00,-8.00,-1.9953251,0.037311787,0.0051068404,0.99836793
72401,0,1.00,-8.00,-1.9953316,0.037260373,0.0050998015,0.99837019
72501,0,1.00,-8.00,-1.9952552,0.037868046,0.0051338897,0.99835175
72601,0,1.00,-8.00,-1.9952618,0.037816011,0.0051268332,0.99835402
72701,0,1.00,-8.00,-1.9952683,0.037764118,0.0051197962,0.99835628
72801,0,1.00,-8.00,-1.9952748,0.037712368,0.0051127784,0.99835854
72901,0,1.00,-8.00,-1.9952813,0.037660760,0.0051057799,0.99836079
73001,0,1.00,-8.00,-1.9952329,0.038045565,0.0051260172,0.99834934
73101,0,1.00,-8.00,-1.9952395,0.037993643,0.0051190198,0.99835160
73201,0,1.00,-8.00,-1.9952460,0.037941864,0.0051120416,0.99835385
73301,0,1.00,-8.00,-1.9951706,0.038541924,0.0051865748,0.99832881
73401,0,1.00,-8.00,-1.9950954,0.039140304,0.0052608999,0.99830384
73501,0,1.00,-8.00,-1.9951021,0.039087183,0.0052537579,0.99830615
73601,0,1.00,-8.00,-1.9951088,0.039034206,0.0052466353,0.99830845
73701,0,1.00,-8.00,-1.9951154,0.038981373,0.0052395320,0.99831074
73801,0,1.00,-8.00,-1.9951220,0.038928683,0.0052324479,0.99831303
73901,0,1.00,-8.00,-1.9951286,0.038876134,0.0052253830,0.99831531
74001,0,1.00,-8.00,-1.9951352,0.038823728,0.0052183370,0.99831759
74101,0,1.00,-8.00,-1.9951418,0.038771463,0.0052113101,0.99831986
74201,0,1.00,-8.00,-1.9951483,0.038719338,0.0052043021,0.99832213
74301,0,1.00,-8.00,-1.9951548,0.038667353,0.0051973129,0.99832438
74401,0,1.00,-8.00,-1.9951614,0.038615507,0.0051903424,0.99832664
74501,0,1.00,-8.00,-1.9951679,0.038563801,0.0051833906,0.99832888
74601,0,1.00,-8.00,-1.9951743,0.038512232,0.0051764574,0.99833112
74701,0,1.00,-8.00,-1.9951808,0.038460802,0.0051695427,0.99833336
74801,0,1.00,-8.00,-1.9951872,0.038409508,0.0051626465,0.99833558
74901,0,1.00,-8.00,-1.9951937,0.038358351,0.0051557686,0.99833781
75001,0,1.00,-8.00,-1.9952001,0.038307330,0.0051489091,0.99834002
75101,0,1.00,-8.00,-1.9952065,0.038256445,0.0051420678,0.99834223
75201,0,1.00,-8.00,-1.9952128,0.038205695,0.0051352446,0.99834444
75301,0,1.00,-8.00,-1.9952192,0.038155079,0.0051284395,0.99834664
75401,0,1.00,-8.00,-1.9952255,0.038104598,0.0051216525,0.99834883
75501,0,1.00,-8.00,-1.9952319,0.038054249,0.0051148833,0.99835102
75601,0,1.00,-8.00,-1.9952382,0.038004034,0.0051081321,0.99835320
75701,0,1.00,-8.00,-1.9952444,0.037953950,0.0051013986,0.99835537
75801,0,1.00,-8.00,-1.9952507,0.037903999,0.0050946829,0.99835754
75901,0,1.00,-8.00,-1.9952570,0.037854179,0.0050879848,0.99835971
76001,0,1.00,-8.00,-1.9952632,0.037804490,0.0050813043,0.99836186
76101,0,1.00,-8.00,-1.9952694,0.037754931,0.0050746413,0.99836402
76201,0,1.00,-8.00,-1.9952757,0.037705502,0.0050679958,0.99836616
76301,0,1.00,-8.00,-1.9952818,0.037656202,0.0050613677,0.99836830
76401,0,1.00,-8.00,-1.9952880,0.037607031,0.0050547569,0.99837044
76501,0,1.00,-8.00,-1.9952942,0.037557988,0.0050481633,0.99837257
76601,0,1.00,-8.00,-1.9953003,0.037509073,0.0050415869,0.99837469
76701,0,1.00,-8.00,-1.9953064,0.037460285,0.0050350276,0.99837681
76801,0,1.00,-8.00,-1.9953126,0.037411623,0.0050284854,0.99837893
76901,0,1.00,-8.00,-1.9953187,0.037363088,0.0050219601,0.99838104
77001,0,1.00,-8.00,-1.9953247,0.037314679,0.0050154518,0.99838314
77101,0,1.00,-8.00,-1.9953308,0.037266395,0.0050089603,0.99838523
77201,0,1.00,-8.00,-1.9953368,0.037218236,0.0050024856,0.99838733
77301,0,1.00,-8.00,-1.9953429,0.037170202,0.0049960276,0.99838941
77401,0,1.00,-8.00,-1.9953489,0.037122291,0.0049895862,0.99839149
77501,0,1.00,-8.00,-1.9953549,0.037074503,0.0049831615,0.99839357
77601,0,1.00,-8.00,-1.9953609,0.037026838,0.0049767532,0.99839564
77701,0,1.00,-8.00,-1.9953669,0.036979296,0.0049703615,0.99839770
77801,0,1.00,-8.00,-1.9953728,0.036931876,0.0049639861,0.99839976
77901,0,1.00,-8.00,-1.9953274,0.037293446,0.0049831359,0.99838898
78001,0,1.00,-8.00,-1.9953334,0.037245746,0.0049767606,0.99839105
78101,0,1.00,-8.00,-1.9953394,0.037198168,0.0049704017,0.99839311
78201,0,1.00,-8.00,-1.9953453,0.037150712,0.0049640589,0.99839516
78301,0,1.00,-8.00,-1.9953513,0.037103376,0.0049577323,0.99839721
78401,0,1.00,-8.00,-1.9953572,0.037056161,0.0049514219,0.99839926
78501,0,1.00,-8.00,-1.9953631,0.037009066,0.0049451274,0.99840129
78601,0,1.00,-8.00,-1.9953690,0.036962091,0.0049388490,0.99840333
78701,0,1.00,-8.00,-1.9953749,0.036915234,0.0049325865,0.99840536
78801,0,1.00,-8.00,-1.9953808,0.036868497,0.0049263398,0.99840738
78901,0,1.00,-8.00,-1.9953866,0.036821877,0.0049201090,0.99840940
79001,0,1.00,-8.00,-1.9953925,0.036775375,0.0049138939,0.99841141
79101,0,1.00,-8.00,-1.9953983,0.036728991,0.0049076944,0.99841342
79201,0,1.00,-8.00,-1.9954041,0.036682723,0.0049015106,0.99841542
79301,0,1.00,-8.00,-1.9954099,0.036636572,0.0048953424,0.99841742
79401,0,1.00,-8.00,-1.9954157,0.036590537,0.0048891896,0.99841942
79501,0,1.00,-8.00,-1.9953963,0.036744949,0.0048955512,0.99841511
79601,0,1.00,-8.00,-1.9954021,0.036698894,0.0048894137,0.99841711
79701,0,1.00,-8.00,-1.9954078,0.036652954,0.0048832916,0.99841909
79801,0,1.00,-8.00,-1.9954136,0.036607129,0.0048771848,0.99842107
79901,0,1.00,-8.00,-1.9954193,0.036561419,0.0048710932,0.99842305
80001,0,1.00,-8.00,-1.9954251,0.036515822,0.0048650168,0.99842502
80101,0,1.00,-8.00,-1.9954308,0.036470339,0.0048589556,0.99842699
80201,0,1.00,-8.00,-1.9954365,0.036424970,0.0048529094,0.99842895
80301,0,1.00,-8.00,-1.9954421,0.036379713,0.0048468783,0.99843090
80401,0,1.00,-8.00,-1.9954478,0.036334568,0.0048408622,0.99843286
80501,0,1.00,-8.00,-1.9954535,0.036289535,0.0048348609,0.99843480
80601,0,1.00,-8.00,-1.9954591,0.036244614,0.0048288746,0.99843674
80701,0,1.00,-8.00,-1.9954647,0.036199804,0.0048229030,0.99843868
80801,0,1.00,-8.00,-1.9954704,0.036155104,0.0048169462,0.99844061
80901,0,1.00,-8.00,-1.9954760,0.036110515,0.0048110041,0.99844254
81001,0,1.00,-8.00,-1.9954815,0.036066036,0.0048050766,0.99844446
81101,0,1.00,-8.00,-1.9954871,0.036021666,0.0047991637,0.99844638
81201,0,1.00,-8.00,-1.9954927,0.035977405,0.0047932654,0.99844829
81301,0,1.00,-8.00,-1.9954982,0.035933253,0.0047873815,0.99845020
81401,0,1.00,-8.00,-1.9955037,0.035889209,0.0047815120,0.99845211
81501,0,1.00,-8.00,-1.9955093,0.035845272,0.0047756570,0.99845401
81601,0,1.00,-8.00,-1.9954657,0.036191827,0.0047941738,0.99844365
81701,0,1.00,-8.00,-1.9954713,0.036147630,0.0047883176,0.99844555
81801,0,1.00,-8.00,-1.9954768,0.036103540,0.0047824758,0.99844745
81901,0,1.00,-8.00,-1.9954824,0.036059558,0.0047766483,0.99844935
82001,0,1.00,-8.00,-1.9954879,0.036015683,0.0047708349,0.99845124
82101,0,1.00,-8.00,-1.9954690,0.036165916,0.0048136048,0.99844094
82201,0,1.00,-8.00,-1.9954745,0.036122019,0.0048077607,0.99844284
82301,0,1.00,-8.00,-1.9954800,0.036078228,0.0048019308,0.99844473
82401,0,1.00,-8.00,-1.9954855,0.036034543,0.0047961150,0.99844662
82501,0,1.00,-8.00,-1.9954910,0.035990964,0.0047903133,0.99844850
82601,0,1.00,-8.00,-1.9954964,0.035947491,0.0047845256,0.99845038
82701,0,1.00,-8.00,-1.9955019,0.035904122,0.0047787518,0.99845226
82801,0,1.00,-8.00,-1.9955073,0.035860858,0.0047729920,0.99845412
82901,0,1.00,-8.00,-1.9955127,0.035817697,0.0047672461,0.99845599
83001,0,1.00,-8.00,-1.9955181,0.035774641,0.0047615139,0.99845785
83101,0,1.00,-8.00,-1.9955235,0.035731688,0.0047557956,0.99845971
83201,0,1.00,-8.00,-1.9955289,0.035688838,0.0047500910,0.99846156
83301,0,1.00,-8.00,-1.9954862,0.036028515,0.0048042006,0.99844540
83401,0,1.00,-8.00,-1.9954917,0.035985413,0.0047984518,0.99844726
83501,0,1.00,-8.00,-1.9954971,0.035942415,0.0047927168,0.99844912
83601,0,1.00,-8.00,-1.9955024,0.035899519,0.0047869954,0.99845098
83701,0,1.00,-8.00,-1.9955078,0.035856725,0.0047812877,0.99845283
83801,0,1.00,-8.00,-1.9955132,0.035814034,0.0047755936,0.99845467
83901,0,1.00,-8.00,-1.9955185,0.035771443,0.0047699130,0.99845651
84001,0,1.00,-8.00,-1.9955239,0.035728954,0.0047642460,0.99845835
84101,0,1.00,-8.00,-1.9955292,0.035686566,0.0047585924,0.99846018
84201,0,1.00,-8.00,-1.9955345,0.035644278,0.0047529521,0.99846201
84301,0,1.00,-8.00,-1.9955398,0.035602091,0.0047473253,0.99846384
84401,0,1.00,-8.00,-1.9955451,0.035560003,0.0047417117,0.99846566
84501,0,1.00,-8.00,-1.9955503,0.035518014,0.0047361114,0.99846747
84601,0,1.00,-8.00,-1.9955556,0.035476125,0.0047305243,0.99846929
84701,0,1.00,-8.00,-1.9955609,0.035434334,0.0047249504,0.99847109
84801,0,1.00,-8.00,-1.9955661,0.035392642,0.0047193896,0.99847290
84901,0,1.00,-8.00,-1.9955713,0.035351047,0.0047138419,0.99847469
85001,0,1.00,-8.00,-1.9955765,0.035309550,0.0047083072,0.99847649
85101,0,1.00,-8.00,-1.9955817,0.035268151,0.0047027855,0.99847828
85201,0,1.00,-8.00,-1.9955869,0.035226848,0.0046972767,0.99848006
85301,0,1.00,-8.00,-1.9955921,0.035185642,0.0046917808,0.99848185
85401,0,1.00,-8.00,-1.9955972,0.035144533,0.0046862978,0.99848362
85501,0,1.00,-8.00,-1.9956024,0.035103519,0.0046808275,0.99848540
85601,0,1.00,-8.00,-1.9956075,0.035062601,0.0046753701,0.99848717
85701,0,1.00,-8.00,-1.9956127,0.035021778,0.0046699253,0.99848893
85801,0,1.00,-8.00,-1.9956178,0.034981051,0.0046644932,0.99849069
85901,0,1.00,-8.00,-1.9956229,0.034940417,0.0046590737,0.99849245
86001,0,1.00,-8.00,-1.9956280,0.034899878,0.0046536668,0.99849420
86101,0,1.00,-8.00,-1.9956330,0.034859434,0.0046482724,0.99849595
86201,0,1.00,-8.00,-1.9956381,0.034819082,0.0046428905,0.99849770
86301,0,1.00,-8.00,-1.9956432,0.034778824,0.0046375211,0.99849944
86401,0,1.00,-8.00,-1.9956251,0.034923034,0.0046436685,0.99849539
86501,0,1.00,-8.00,-1.9956301,0.034882750,0.0046383106,0.99849713
86601,0,1.00,-8.00,-1.9956352,0.034842558,0.0046329651,0.99849886
86701,0,1.00,-8.00,-1.9956402,0.034802459,0.0046276318,0.99850059
86801,0,1.00,-8.00,-1.9956452,0.034762452,0.0046223109,0.99850232
86901,0,1.00,-8.00,-1.9956502,0.034722536,0.0046170021,0.99850404
87001,0,1.00,-8.00,-1.9956552,0.034682713,0.0046117056,0.99850576
87101,0,1.00,-8.00,-1.9956602,0.034642980,0.0046064212,0.99850748
87201,0,1.00,-8.00,-1.9956652,0.034603339,0.0046011488,0.99850919
87301,0,1.00,-8.00,-1.9956702,0.034563788,0.0045958886,0.99851090
87401,0,1.00,-8.00,-1.9956522,0.034706598,0.0046020136,0.99850688
87501,0,1.00,-8.00,-1.9956572,0.034667020,0.0045967644,0.99850859
87601,0,1.00,-8.00,-1.9956621,0.034627532,0.0045915272,0.99851029
87701,0,1.00,-8.00,-1.9956671,0.034588135,0.0045863019,0.99851199
87801,0,1.00,-8.00,-1.9956720,0.034548826,0.0045810884,0.99851368
87901,0,1.00,-8.00,-1.9956770,0.034509607,0.0045758868,0.99851538
88001,0,1.00,-8.00,-1.9956819,0.034470477,0.0045706970,0.99851706
88101,0,1.00,-8.00,-1.9956868,0.034431435,0.0045655190,0.99851875
88201,0,1.00,-8.00,-1.9956917,0.034392482,0.0045603526,0.99852042
88301,0,1.00,-8.00,-1.9956965,0.034353617,0.0045551980,0.99852210
88401,0,1.00,-8.00,-1.9957014,0.034314840,0.0045500550,0.99852377
88501,0,1.00,-8.00,-1.9957063,0.034276150,0.0045449236,0.99852544
88601,0,1.00,-8.00,-1.9957111,0.034237547,0.0045398037,0.99852710
88701,0,1.00,-8.00,-1.9957159,0.034199031,0.0045346954,0.99852877
88801,0,1.00,-8.00,-1.9957208,0.034160601,0.0045295985,0.99853042
88901,0,1.00,-8.00,-1.9957256,0.034122258,0.0045245131,0.99853208
89001,0,1.00,-8.00,-1.9957304,0.034084001,0.0045194392,0.99853372
89101,0,1.00,-8.00,-1.9957352,0.034045830,0.0045143765,0.99853537
89201,0,1.00,-8.00,-1.9956951,0.034364948,0.0045987459,0.99851459
89301,0,1.00,-8.00,-1.9956999,0.034326548,0.0045936061,0.99851625
89401,0,1.00,-8.00,-1.9957047,0.034288235,0.0045884777,0.99851791
89501,0,1.00,-8.00,-1.9957095,0.034250007,0.0045833608,0.99851957
89601,0,1.00,-8.00,-1.9957143,0.034211864,0.0045782552,0.99852122
89701,0,1.00,-8.00,-1.9957191,0.034173806,0.0045731611,0.99852287
89801,0,1.00,-8.00,-1.9957239,0.034135832,0.0045680782,0.99852452
89901,0,1.00,-8.00,-1.9957286,0.034097943,0.0045630067,0.99852616
90001,0,1.00,-8.00,-1.9957334,0.034060138,0.0045579464,0.99852779
90101,0,1.00,-8.00,-1.9957381,0.034022416,0.0045528973,0.99852943
90201,0,1.00,-8.00,-1.9957428,0.033984778,0.0045478593,0.99853106
90301,0,1.00,-8.00,-1.9957476,0.033947224,0.0045428326,0.99853269
90401,0,1.00,-8.00,-1.9957523,0.033909752,0.0045378169,0.99853431
90501,0,1.00,-8.00,-1.9957570,0.033872363,0.0045328123,0.99853593
90601,0,1.00,-8.00,-1.9957616,0.033835056,0.0045278187,0.99853754
90701,0,1.00,-8.00,-1.9956781,0.034500427,0.0046657072,0.99850057
90801,0,1.00,-8.00,-1.9956829,0.034462514,0.0046605787,0.99850222
90901,0,1.00,-8.00,-1.9956876,0.034424684,0.0046554615,0.99850387
91001,0,1.00,-8.00,-1.9956924,0.034386937,0.0046503555,0.99850551
91101,0,1.00,-8.00,-1.9956971,0.034349272,0.0046452606,0.99850715
91201,0,1.00,-8.00,-1.9957018,0.034311690,0.0046401770,0.99850879
91301,0,1.00,-8.00,-1.9957065,0.034274190,0.0046351044,0.99851042
91401,0,1.00,-8.00,-1.9957112,0.034236772,0.0046300430,0.99851205
91501,0,1.00,-8.00,-1.9957159,0.034199435,0.0046249925,0.99851368
91601,0,1.00,-8.00,-1.9957206,0.034162180,0.0046199531,0.99851530
91701,0,1.00,-8.00,-1.9957252,0.034125006,0.0046149246,0.99851692
91801,1,1.00,0.00,-1.9956210,0.034955594,0.0047292738,0.99848041
91901,0,1.00,-8.00,-1.9956040,0.035090978,0.0047349529,0.99847662
92001,0,1.00,-8.00,-1.9955653,0.035399208,0.0047839641,0.99846197
92101,0,1.00,-8.00,-1.9955267,0.035706756,0.0048003614,0.99845279
92201,0,1.00,-8.00,-1.9955315,0.035668115,0.0047951654,0.99845446
92301,0,1.00,-8.00,-1.9955363,0.035629559,0.0047899806,0.99845614
92401,0,1.00,-8.00,-1.9955412,0.035591085,0.0047848070,0.99845781
92501,0,1.00,-8.00,-1.9955460,0.035552695,0.0047796446,0.99845948
92601,0,1.00,-8.00,-1.9955508,0.035514387,0.0047744933,0.99846114
92701,0,1.00,-8.00,-1.9955556,0.035476161,0.0047693530,0.99846280
92801,0,1.00,-8.00,-1.9955604,0.035438018,0.0047642239,0.99846446
92901,0,1.00,-8.00,-1.9955652,0.035399957,0.0047591057,0.99846611
93001,0,1.00,-8.00,-1.9955699,0.035361977,0.0047539986,0.99846776
93101,0,1.00,-8.00,-1.9955747,0.035324079,0.0047489024,0.99846940
93201,0,1.00,-8.00,-1.9955794,0.035286262,0.0047438171,0.99847105
93301,0,1.00,-8.00,-1.9955842,0.035248526,0.0047387427,0.99847269
93401,0,1.00,-8.00,-1.9955889,0.035210871,0.0047336791,0.99847432
93501,0,1.00,-8.00,-1.9955936,0.035173295,0.0047286264,0.99847595
93601,0,1.00,-8.00,-1.9955983,0.035135800,0.0047235844,0.99847758
93701,0,1.00,-8.00,-1.9955177,0.035778377,0.0048568323,0.99844185
93801,0,1.00,-8.00,-1.9955224,0.035740319,0.0048516648,0.99844351
93901,0,1.00,-8.00,-1.9954420,0.036380834,0.0049207209,0.99841855
94001,0,1.00,-8.00,-1.9954469,0.036342220,0.0049154968,0.99842023
94101,0,1.00,-8.00,-1.9954517,0.036303688,0.0049102838,0.99842191
94201,0,1.00,-8.00,-1.9954565,0.036265237,0.0049050818,0.99842358
94301,0,1.00,-8.00,-1.9954613,0.036226867,0.0048998908,0.99842526
94401,2,1.00,0.00,-1.9954450,0.036357299,0.0049369495,0.99841633
94501,0,1.00,-8.00,-1.9953863,0.036824517,0.0049632796,0.99840213
94601,0,1.00,-8.00,-1.9953912,0.036785681,0.0049580439,0.99840382
94701,0,1.00,-8.00,-1.9953960,0.036746927,0.0049528192,0.99840551
94801,0,1.00,-8.00,-1.9954009,0.036708254,0.0049476054,0.99840719
94901,0,1.00,-8.00,-1.9954057,0.036669662,0.0049424027,0.99840887
95001,0,1.00,-8.00,-1.9954106,0.036631152,0.0049372109,0.99841054
95101,0,1.00,-8.00,-1.9953733,0.036927657,0.0049529262,0.99840170
95201,0,1.00,-8.00,-1.9953782,0.036888957,0.0049477343,0.99840338
95301,0,1.00,-8.00,-1.9953830,0.036850339,0.0049425533,0.99840505
95401,0,1.00,-8.00,-1.9953879,0.036811802,0.0049373831,0.99840673
95501,0,1.00,-8.00,-1.9953927,0.036773345,0.0049322238,0.99840839
95601,0,1.00,-8.00,-1.9953975,0.036734968,0.0049270752,0.99841006
95701,0,1.00,-8.00,-1.9954023,0.036696671,0.0049219373,0.99841172
95801,0,1.00,-8.00,-1.9954071,0.036658454,0.0049168102,0.99841338
95901,0,1.00,-8.00,-1.9954119,0.036620317,0.0049116937,0.99841503
96001,0,1.00,-8.00,-1.9954167,0.036582259,0.0049065879,0.99841668
96101,0,1.00,-8.00,-1.9954007,0.036710007,0.0049429834,0.99840792
96201,0,1.00,-8.00,-1.9954055,0.036671935,0.0049378558,0.99840958
96301,0,1.00,-8.00,-1.9954102,0.036633942,0.0049327387,0.99841123
96401,0,1.00,-8.00,-1.9954150,0.036596028,0.0049276323,0.99841288
96501,0,1.00,-8.00,-1.9954197,0.036558192,0.0049225364,0.99841452
96601,0,1.00,-8.00,-1.9954245,0.036520434,0.0049174511,0.99841617
96701,0,1.00,-8.00,-1.9954292,0.036482754,0.0049123762,0.99841780
96801,0,1.00,-8.00,-1.9954339,0.036445152,0.0049073119,0.99841944
96901,0,1.00,-8.00,-1.9954386,0.036407628,0.0049022579,0.99842107
97001,0,1.00,-8.00,-1.9954433,0.036370180,0.0048972144,0.99842270
97101,0,1.00,-8.00,-1.9954480,0.036332809,0.0048921812,0.99842432
97201,0,1.00,-8.00,-1.9954527,0.036295516,0.0048871583,0.99842594
97301,0,1.00,-8.00,-1.9953957,0.036749357,0.0049743164,0.99840187
97401,0,1.00,-8.00,-1.9954005,0.036711714,0.0049692198,0.99840351
97501,0,1.00,-8.00,-1.9954052,0.036674148,0.0049641337,0.99840514
97601,0,1.00,-8.00,-1.9954099,0.036636659,0.0049590580,0.99840678
97701,0,1.00,-8.00,-1.9954146,0.036599246,0.0049539926,0.99840841
97801,0,1.00,-8.00,-1.9954193,0.036561910,0.0049489376,0.99841004
97901,0,1.00,-8.00,-1.9954239,0.036524650,0.0049438928,0.99841166
98001,0,1.00,-8.00,-1.9954286,0.036487465,0.0049388584,0.99841328
98101,0,1.00,-8.00,-1.9954333,0.036450357,0.0049338342,0.99841490
98201,0,1.00,-8.00,-1.9954379,0.036413323,0.0049288202,0.99841651
98301,0,1.00,-8.00,-1.9954426,0.036376365,0.0049238164,0.99841812
98401,0,1.00,-8.00,-1.9954472,0.036339482,0.0049188227,0.99841973
98501,0,1.00,-8.00,-1.9954518,0.036302674,0.0049138392,0.99842134
98601,0,1.00,-8.00,-1.9954564,0.036265940,0.0049088657,0.99842294
98701,0,1.00,-8.00,-1.9954610,0.036229280,0.0049039023,0.99842453
98801,0,1.00,-8.00,-1.9954454,0.036353900,0.0049090065,0.99842107
98901,0,1.00,-8.00,-1.9954500,0.036317226,0.0049040530,0.99842267
99001,0,1.00,-8.00,-1.9954546,0.036280626,0.0048991095,0.99842426
99101,0,1.00,-8.00,-1.9954592,0.036244100,0.0048941759,0.99842585
99201,0,1.00,-8.00,-1.9954638,0.036207647,0.0048892523,0.99842744
99301,0,1.00,-8.00,-1.9954683,0.036171267,0.0048843386,0.99842902
99401,0,1.00,-8.00,-1.9954729,0.036134960,0.0048794348,0.99843060
99501,0,1.00,-8.00,-1.9954774,0.036098726,0.0048745407,0.99843218
99601,0,1.00,-8.00,-1.9954820,0.036062565,0.0048696565,0.99843375
99701,0,1.00,-8.00,-1.9954865,0.036026476,0.0048647821,0.99843532
99801,0,1.00,-8.00,-1.9954910,0.035990460,0.0048599174,0.99843689
99901,0,1.00,-8.00,-1.9954955,0.035954515,0.0048550625,0.99843845
100000,0,1.00,-8.00,-1.9955000,0.035919000,0.0048502656,0.99844000
