0,0,0,0,0,0,0,0,0,0,0,0,0,10,10,10,10,10,0,0,0,0,0,0,10,10,10,10,10,0,0,0,0,0,0,10,10,10,10,10,0,0,0,0,0,0,10,10,10,10,10,0,0,0,0,0,0,10,10,10,10,10,0,0,0,0,0,0,10,10,10,10,10,0,0,0,0,0,0,10,10,10,10,10,0,0,0,0,0,0,10,10,10,10,10,0,0,0,0,0,0,10,10,10,10,10,0,0,0,0,0,0,0,0,0,0,0,0,0,0,0,0
0.004,0,0,0,0,0,0,0,0,0,0,0,0,2,6,6,6,2,4,0,0,0,0,0,6,10,10,10,6,4,0,0,0,0,0,6,10,10,10,6,4,0,0,0,0,0,6,10,10,10,6,4,0,0,0,0,0,6,10,10,10,6,4,0,0,0,0,0,6,10,10,10,6,4,0,0,0,0,0,6,10,10,10,6,4,0,0,0,0,0,6,10,10,10,6,4,0,0,0,0,0,2,6,6,6,2,4,0,0,0,0,0,0,0,0,0,0,0,0,0,0,0
0.008,0,0,0,0,0,0,0,0,0,0,0,0,3.6,3.6,5.2,3.6,5.2,4.44089e-16,1.6,0,0,0,0,3.6,6.8,8.4,6.8,5.2,3.2,1.6,0,0,0,0,5.2,8.4,10,8.4,6.8,3.2,1.6,0,0,0,0,5.2,8.4,10,8.4,6.8,3.2,1.6,0,0,0,0,5.2,8.4,10,8.4,6.8,3.2,1.6,0,0,0,0,5.2,8.4,10,8.4,6.8,3.2,1.6,0,0,0,0,5.2,8.4,10,8.4,6.8,3.2,1.6,0,0,0,0,3.6,6.8,8.4,6.8,5.2,3.2,1.6,0,0,0,0,3.6,3.6,5.2,3.6,5.2,4.44089e-16,1.6,0,0,0,0,0,0,0,0,0,0,0,0,0,0
0.012,0,0,0,0,0,0,0,0,0,0,0,0,0.72,4.08,3.12,4.72,0.4,4,-0.32,0.64,0,0,0,4.08,5.52,6.48,6.16,5.68,2.08,1.6,0.64,0,0,0,3.76,7.12,8.08,7.76,5.36,4,1.6,0.64,0,0,0,4.4,7.76,8.72,8.4,6,4,1.6,0.64,0,0,0,4.4,7.76,8.72,8.4,6,4,1.6,0.64,0,0,0,4.4,7.76,8.72,8.4,6,4,1.6,0.64,0,0,0,3.76,7.12,8.08,7.76,5.36,4,1.6,0.64,0,0,0,4.08,5.52,6.48,6.16,5.68,2.08,1.6,0.64,0,0,0,0.72,4.08,3.12,4.72,0.4,4,-0.32,0.64,0,0,0,0,0,0,0,0,0,0,0,0,0
0.016,0,0,0,0,0,0,0,0,0,0,0,0,2.832,1.296,4.24,1.04,5.52,-1.536,2.688,-0.256,0.256,0,0,1.552,5.392,5.264,6.16,2.192,4.864,0.64,0.768,0.256,0,0,3.984,5.776,7.184,6.544,6.16,2.816,2.176,0.768,0.256,0,0,3.728,6.544,7.952,7.312,5.904,3.84,2.176,0.768,0.256,0,0,3.984,6.8,8.208,7.568,6.16,3.84,2.176,0.768,0.256,0,0,3.728,6.544,7.952,7.312,5.904,3.84,2.176,0.768,0.256,0,0,3.984,5.776,7.184,6.544,6.16,2.816,2.176,0.768,0.256,0,0,1.552,5.392,5.264,6.16,2.192,4.864,0.64,0.768,0.256,0,0,2.832,1.296,4.24,1.04,5.52,-1.536,2.688,-0.256,0.256,0,0,0,0,0,0,0,0,0,0,0,0
0.02,0,0,0,0,0,0,0,0,0,0,0,0,-0.56,4.208,0.496,5.744,-2.6336,6.1504,-2.0736,1.6384,-0.1536,0,0,3.952,2.32,6.032,2.32,7.7664,-1.2736,3.8144,0.1024,0.3584,0,0,2.032,5.776,5.904,6.8,3.2864,5.1264,1.2544,1.1264,0.3584,0,0,3.568,5.776,6.928,6.8,5.8464,3.5904,2.2784,1.1264,0.3584,0,0,3.312,6.032,7.184,7.056,5.5904,4.1024,2.2784,1.1264,0.3584,0,0,3.568,5.776,6.928,6.8,5.8464,3.5904,2.2784,1.1264,0.3584,0,0,2.032,5.776,5.904,6.8,3.2864,5.1264,1.2544,1.1264,0.3584,0,0,3.952,2.32,6.032,2.32,7.7664,-1.2736,3.8144,0.1024,0.3584,0,0,-0.56,4.208,0.496,5.744,-2.6336,6.1504,-2.0736,1.6384,-0.1536,0,0,0,0,0,0,0,0,0,0,0,0
0.024,0,0,0,0,0,0,0,0,0,0,0,0,3.6,-1.6224,6.096,-3.37344,9.44448,-6.08256,5.88544,-1.83296,0.89088,0,0,-0.8544,6.5952,0.7968,9.14496,-3.98016,9.9072,-3.0848,2.7136,-0.09216,0,0,4.0992,2.9472,6.672,3.24416,8.24384,-0.3328,4.1856,0.4608,0.52224,0,0,2.3072,5.456,6.1088,6.57216,4.19904,4.7872,1.9328,1.28,0.52224,0,0,3.28,5.2,6.4672,6.31616,5.78624,3.5584,2.5472,1.28,0.52224,0,0,2.3072,5.456,6.1088,6.57216,4.19904,4.7872,1.9328,1.28,0.52224,0,0,4.0992,2.9472,6.672,3.24416,8.24384,-0.3328,4.1856,0.4608,0.52224,0,0,-0.8544,6.5952,0.7968,9.14496,-3.98016,9.9072,-3.0848,2.7136,-0.09216,0,0,3.6,-1.6224,6.096,-3.37344,9.44448,-6.08256,5.88544,-1.83296,0.89088,0,0,0,0,0,0,0,0,0,0,0,0
0.028,0,0,0,0,0,0,0,0,0,0,0,0,-3.15072,7.48992,-5.33722,11.8982,-11.0412,13.7444,-7.93139,4.89574,-1.30458,0,0,6.2304,-3.45024,10.9252,-6.81203,17.0843,-11.3364,10.9276,-3.44781,1.70598,0,0,-0.69952,7.36064,1.23558,10.3067,-3.69421,11.0492,-2.92096,3.2041,0.043008,0,0,3.74976,3.35168,6.40166,4.00397,7.63635,0.870656,3.96032,0.910336,0.616448,0,0,1.95776,5.14368,5.61318,6.36941,3.83731,5.0281,1.95328,1.48378,0.616448,0,0,3.74976,3.35168,6.40166,4.00397,7.63635,0.870656,3.96032,0.910336,0.616448,0,0,-0.69952,7.36064,1.23558,10.3067,-3.69421,11.0492,-2.92096,3.2041,0.043008,0,0,6.2304,-3.45024,10.9252,-6.81203,17.0843,-11.3364,10.9276,-3.44781,1.70598,0,0,-3.15072,7.48992,-5.33722,11.8982,-11.0412,13.7444,-7.93139,4.89574,-1.30458,0,0,0,0,0,0,0,0,0,0,0,0
0.032,0,0,0,0,0,0,0,0,0,0,0,0,7.37856,-9.26922,15.3277,-16.4151,23.7155,-20.3702,16.5859,-8.01096,3.42344,0,0,-6.65843,14.8726,-12.3007,24.173,-23.4041,27.9241,-16.8112,10.3621,-2.90734,0,0,7.35603,-4.24138,13.2563,-8.29069,20.6471,-13.4619,13.4091,-4.08863,2.18481,0,0,-0.405888,7.05129,1.84077,9.88326,-2.57472,10.5472,-2.05087,3.15965,0.258048,0,0,3.88262,2.62351,6.35866,3.16173,8.3657,-0.004096,4.60104,0.865894,0.7168,0,0,-0.405888,7.05129,1.84077,9.88326,-2.57472,10.5472,-2.05087,3.15965,0.258048,0,0,7.35603,-4.24138,13.2563,-8.29069,20.6471,-13.4619,13.4091,-4.08863,2.18481,0,0,-6.65843,14.8726,-12.3007,24.173,-23.4041,27.9241,-16.8112,10.3621,-2.90734,0,0,7.37856,-9.26922,15.3277,-16.4151,23.7155,-20.3702,16.5859,-8.01096,3.42344,0,0,0,0,0,0,0,0,0,0,0,0
0.036,0,0,0,0,0,0,0,0,0,0,0,0,-10.7982,20.5931,-24.3906,35.1355,-38.305,39.5123,-28.0285,16.9551,-6.42138,0,0,15.8379,-21.9114,34.4322,-38.668,52.6263,-46.3734,37.3992,-18.9445,8.13253,0,0,-8.9359,19.5593,-17.1506,32.1583,-31.4809,37.0881,-22.6105,14.0994,-4.00605,0,0,7.55951,-4.30397,13.5154,-8.27512,21.3222,-13.565,13.9173,-3.90201,2.26968,0,0,-1.60488,8.16344,-0.0284826,11.8993,-5.81614,13.6269,-4.0566,4.13532,0.122716,0,0,7.55951,-4.30397,13.5154,-8.27512,21.3222,-13.565,13.9173,-3.90201,2.26968,0,0,-8.9359,19.5593,-17.1506,32.1583,-31.4809,37.0881,-22.6105,14.0994,-4.00605,0,0,15.8379,-21.9114,34.4322,-38.668,52.6263,-46.3734,37.3992,-18.9445,8.13253,0,0,-10.7982,20.5931,-24.3906,35.1355,-38.305,39.5123,-28.0285,16.9551,-6.42138,0,0,0,0,0,0,0,0,0,0,0,0
0.04,0,0,0,0,0,0,0,0,0,0,0,0,21.0513,-35.1959,50.6987,-61.6268,73.8927,-68.7902,54.3638,-31.5308,13.8879,0,0,-26.161,49.3159,-61.5076,84.9418,-93.5067,94.4744,-68.8223,42.0012,-16.6283,0,0,22.5442,-32.6564,50.1564,-57.5248,76.1665,-67.8648,54.5679,-28.2449,12.2043,0,0,-10.4736,22.1014,-20.0125,36.5231,-36.4481,42.5208,-26.004,16.1099,-4.47594,0,0,10.2759,-8.99458,18.8545,-16.0975,30.7579,-22.9772,20.6727,-7.17636,3.39624,0,0,-10.4736,22.1014,-20.0125,36.5231,-36.4481,42.5208,-26.004,16.1099,-4.47594,0,0,22.5442,-32.6564,50.1564,-57.5248,76.1665,-67.8648,54.5679,-28.2449,12.2043,0,0,-26.161,49.3159,-61.5076,84.9418,-93.5067,94.4744,-68.8223,42.0012,-16.6283,0,0,21.0513,-35.1959,50.6987,-61.6268,73.8927,-68.7902,54.3638,-31.5308,13.8879,0,0,0,0,0,0,0,0,0,0,0,0
0.044,0,0,0,0,0,0,0,0,0,0,0,0,-37.1736,69.5439,-93.7513,120.789,-133.905,130.366,-100.276,63.0197,-27.5964,0,0,52.8612,-91.7979,130.95,-160.631,187.894,-176.278,139.456,-83.2912,37.2143,0,0,-41.2429,77.241,-98.7744,133.63,-147.838,147.811,-109.115,66.9002,-27.0622,0,0,28.2528,-42.1157,63.0617,-73.947,96.2562,-86.8301,69.1509,-36.0264,15.3697,0,0,-18.1423,34.73,-37.3595,58.722,-63.2431,68.3752,-45.2683,26.8213,-8.48904,0,0,28.2528,-42.1157,63.0617,-73.947,96.2562,-86.8301,69.1509,-36.0264,15.3697,0,0,-41.2429,77.241,-98.7744,133.63,-147.838,147.811,-109.115,66.9002,-27.0622,0,0,52.8612,-91.7979,130.95,-160.631,187.894,-176.278,139.456,-83.2912,37.2143,0,0,-37.1736,69.5439,-93.7513,120.789,-133.905,130.366,-100.276,63.0197,-27.5964,0,0,0,0,0,0,0,0,0,0,0,0
0.048,0,0,0,0,0,0,0,0,0,0,0,0,71.2662,-130.815,184.764,-227.789,255.963,-242.403,193.302,-122.277,56.6514,0,0,-99.8024,187.317,-256.552,325.684,-360.197,347.978,-271.258,172.611,-77.5085,0,0,88.0877,-155.917,221.218,-272.654,314.939,-296.711,234.796,-142.338,64.031,0,0,-57.552,106.584,-138.716,185.036,-206.497,204.735,-152.387,92.9127,-37.8529,0,0,47.3796,-76.7313,110.246,-134.632,165.79,-153.894,120.56,-66.4168,28.1177,0,0,-57.552,106.584,-138.716,185.036,-206.497,204.735,-152.387,92.9127,-37.8529,0,0,88.0877,-155.917,221.218,-272.654,314.939,-296.711,234.796,-142.338,64.031,0,0,-99.8024,187.317,-256.552,325.684,-360.197,347.978,-271.258,172.611,-77.5085,0,0,71.2662,-130.815,184.764,-227.789,255.963,-242.403,193.302,-122.277,56.6514,0,0,0,0,0,0,0,0,0,0,0,0
0.052,0,0,0,0,0,0,0,0,0,0,0,0,-135.007,255.828,-356.921,443.238,-485.734,464.339,-370.357,242.392,-113.905,0,0,198.55,-369.625,521.524,-642.287,713.944,-677.015,542.23,-348.919,163.822,0,0,-178.161,334.833,-462.266,582.343,-643.387,619.006,-485.955,311.143,-141.498,0,0,131.352,-235.517,332.463,-412.021,472.098,-446.636,352.634,-215.345,96.7363,0,0,-105.162,194.356,-261.665,339.222,-380.082,370.664,-282.37,173.651,-73.7197,0,0,131.352,-235.517,332.463,-412.021,472.098,-446.636,352.634,-215.345,96.7363,0,0,-178.161,334.833,-462.266,582.343,-643.387,619.006,-485.955,311.143,-141.498,0,0,198.55,-369.625,521.524,-642.287,713.944,-677.015,542.23,-348.919,163.822,0,0,-135.007,255.828,-356.921,443.238,-485.734,464.339,-370.357,242.392,-113.905,0,0,0,0,0,0,0,0,0,0,0,0
0.056,0,0,0,0,0,0,0,0,0,0,0,0,262.755,-498.118,702.388,-859.919,940.049,-891.846,721.799,-478.708,230.829,0,0,-392.247,746.069,-1045.35,1289.79,-1407.74,1342.02,-1078.24,713.187,-340.023,0,0,372.79,-699.127,985.825,-1213.39,1340.99,-1272.6,1021.58,-663.373,313.58,0,0,-286.347,538.511,-748.065,937.663,-1036.11,993.743,-783.703,502.873,-230.267,0,0,245.921,-451.758,636.401,-789.849,889.682,-844.688,669.255,-418.903,191.081,0,0,-286.347,538.511,-748.065,937.663,-1036.11,993.743,-783.703,502.873,-230.267,0,0,372.79,-699.127,985.825,-1213.39,1340.99,-1272.6,1021.58,-663.373,313.58,0,0,-392.247,746.069,-1045.35,1289.79,-1407.74,1342.02,-1078.24,713.187,-340.023,0,0,262.755,-498.118,702.388,-859.919,940.049,-891.846,721.799,-478.708,230.829,0,0,0,0,0,0,0,0,0,0,0,0
0.06,0,0,0,0,0,0,0,0,0,0,0,0,-513.799,983.356,-1382.79,1688.84,-1827.83,1736.65,-1412.6,953.55,-465.989,0,0,787.994,-1501.58,2116.84,-2584.44,2809.78,-2665.38,2166.37,-1452.05,707.052,0,0,-774.763,1476.75,-2073.87,2549.74,-2776.53,2642.89,-2132.11,1418.51,-681.613,0,0,634.697,-1197.23,1688.2,-2077.56,2286.5,-2171.09,1745.2,-1140.22,541.174,0,0,-557.333,1054.79,-1476.94,1834.47,-2016.51,1925.38,-1533.95,997.775,-466.424,0,0,634.697,-1197.23,1688.2,-2077.56,2286.5,-2171.09,1745.2,-1140.22,541.174,0,0,-774.763,1476.75,-2073.87,2549.74,-2776.53,2642.89,-2132.11,1418.51,-681.613,0,0,787.994,-1501.58,2116.84,-2584.44,2809.78,-2665.38,2166.37,-1452.05,707.052,0,0,-513.799,983.356,-1382.79,1688.84,-1827.83,1736.65,-1412.6,953.55,-465.989,0,0,0,0,0,0,0,0,0,0,0,0
0.064,0,0,0,0,0,0,0,0,0,0,0,0,1016.82,-1949.28,2745.29,-3331.33,3590.81,-3404.31,2790.19,-1904.38,943.834,0,0,-1588.85,3046.93,-4287.17,5216.74,-5627.54,5341.51,-4364.68,2969.42,-1464.09,0,0,1624.64,-3105.03,4376.94,-5334.8,5781.48,-5483.78,4468.46,-3013.5,1475.66,0,0,-1392.55,2660.11,-3743.16,4590.1,-4988.57,4742.64,-3838.07,2565.2,-1240.01,0,0,1264.07,-2404.36,3392.43,-4160.11,4543.05,-4312.28,3485.8,-2310.99,1111.9,0,0,-1392.55,2660.11,-3743.16,4590.1,-4988.57,4742.64,-3838.07,2565.2,-1240.01,0,0,1624.64,-3105.03,4376.94,-5334.8,5781.48,-5483.78,4468.46,-3013.5,1475.66,0,0,-1588.85,3046.93,-4287.17,5216.74,-5627.54,5341.51,-4364.68,2969.42,-1464.09,0,0,1016.82,-1949.28,2745.29,-3331.33,3590.81,-3404.31,2790.19,-1904.38,943.834,0,0,0,0,0,0,0,0,0,0,0,0
0.068,0,0,0,0,0,0,0,0,0,0,0,0,-2025.35,3893.18,-5474.29,6619.93,-7099.76,6731.59,-5543.46,3824.01,-1913.69,0,0,3228.66,-6200.29,8726.66,-10562.4,11348.7,-10757,8846.64,-6080.32,3034.02,0,0,-3409.35,6546.46,-9214.23,11187,-12042.8,11423.9,-9361.09,6399.6,-3172.44,0,0,3055.06,-5854.1,8253.72,-10044.7,10856.1,-10294.7,8407.68,-5700.15,2805.11,0,0,-2834.23,5433.31,-7655.77,9342.34,-10105.6,9593.02,-7811.24,5277.83,-2583.55,0,0,3055.06,-5854.1,8253.72,-10044.7,10856.1,-10294.7,8407.68,-5700.15,2805.11,0,0,-3409.35,6546.46,-9214.23,11187,-12042.8,11423.9,-9361.09,6399.6,-3172.44,0,0,3228.66,-6200.29,8726.66,-10562.4,11348.7,-10757,8846.64,-6080.32,3034.02,0,0,-2025.35,3893.18,-5474.29,6619.93,-7099.76,6731.59,-5543.46,3824.01,-1913.69,0,0,0,0,0,0,0,0,0,0,0,0
0.072,0,0,0,0,0,0,0,0,0,0,0,0,4063.95,-7815.88,10980.5,-13226.5,14140,-13399,11087,-7709.39,3891.43,0,0,-6591.19,12678.2,-17816.5,21490.4,-22994,21794.6,-18004.7,12489.9,-6286.99,0,0,7177.68,-13799.1,19414.1,-23457.8,25151.9,-23836.6,19647.8,-13565.4,6798.96,0,0,-6672.11,12827.9,-18059.8,21882.5,-23508.7,22289.1,-18311.5,12576.2,-6265.52,0,0,6317.9,-12139.3,17106.7,-20745.7,22322.4,-21158.3,17361.2,-11884.7,5905.35,0,0,-6672.11,12827.9,-18059.8,21882.5,-23508.7,22289.1,-18311.5,12576.2,-6265.52,0,0,7177.68,-13799.1,19414.1,-23457.8,25151.9,-23836.6,19647.8,-13565.4,6798.96,0,0,-6591.19,12678.2,-17816.5,21490.4,-22994,21794.6,-18004.7,12489.9,-6286.99,0,0,4063.95,-7815.88,10980.5,-13226.5,14140,-13399,11087,-7709.39,3891.43,0,0,0,0,0,0,0,0,0,0,0,0
0.076,0,0,0,0,0,0,0,0,0,0,0,0,-8201.2,15778.6,-22131.8,26580.2,-28331.8,26848,-22297.5,15613,-7933.41,0,0,13522.6,-26015.9,36515.1,-43892.2,46827.1,-44370.5,36810.5,-25720.5,13044.3,0,0,-15131.6,29118.6,-40901.7,49250.2,-52610,49855.3,-41275.9,28744.3,-14526.5,0,0,14532.7,-27964.8,39328.3,-47438.3,50763.6,-48099.5,39736.6,-27556.5,13871.5,0,0,-13984.1,26915.7,-37865.8,45725.1,-48962,46399.7,-38283.1,26498.4,-13309.5,0,0,14532.7,-27964.8,39328.3,-47438.3,50763.6,-48099.5,39736.6,-27556.5,13871.5,0,0,-15131.6,29118.6,-40901.7,49250.2,-52610,49855.3,-41275.9,28744.3,-14526.5,0,0,13522.6,-26015.9,36515.1,-43892.2,46827.1,-44370.5,36810.5,-25720.5,13044.3,0,0,-8201.2,15778.6,-22131.8,26580.2,-28331.8,26848,-22297.5,15613,-7933.41,0,0,0,0,0,0,0,0,0,0,0,0
0.08,0,0,0,0,0,0,0,0,0,0,0,0,16641.2,-32006.7,44828.7,-53690.5,57101.2,-54108.7,45087.1,-31748.3,16223,0,0,-27853.1,53583.5,-75085.7,90004.4,-95778.1,90758.7,-75552.1,53117.2,-27098.8,0,0,31948.5,-61476.7,86225.9,-103487,110244,-104456,86824.2,-60878.4,30980,0,0,-31551.8,60737,-85265.2,102490,-109302,103562,-85928,60074.3,-30479.9,0,0,30782.9,-59261.3,83238.5,-100117,106838,-101217,83918.4,-58581.3,29682.3,0,0,-31551.8,60737,-85265.2,102490,-109302,103562,-85928,60074.3,-30479.9,0,0,31948.5,-61476.7,86225.9,-103487,110244,-104456,86824.2,-60878.4,30980,0,0,-27853.1,53583.5,-75085.7,90004.4,-95778.1,90758.7,-75552.1,53117.2,-27098.8,0,0,16641.2,-32006.7,44828.7,-53690.5,57101.2,-54108.7,45087.1,-31748.3,16223,0,0,0,0,0,0,0,0,0,0,0,0
0.084,0,0,0,0,0,0,0,0,0,0,0,0,-33928.6,65225.4,-91210.4,108988,-115692,109644,-91615.9,64819.9,-33272.6,0,0,57581.1,-110719,154908,-185219,196710,-186413,155646,-109981,56387.3,0,0,-67521.7,129884,-181861,217678,-231356,219229,-182820,128925,-65970.8,0,0,68318.4,-131464,184236,-220762,234835,-222498,185308,-130392,66582.6,0,0,-67415.7,129755,-181907,218093,-232078,219882,-183013,128648,-65625.9,0,0,68318.4,-131464,184236,-220762,234835,-222498,185308,-130392,66582.6,0,0,-67521.7,129884,-181861,217678,-231356,219229,-182820,128925,-65970.8,0,0,57581.1,-110719,154908,-185219,196710,-186413,155646,-109981,56387.3,0,0,-33928.6,65225.4,-91210.4,108988,-115692,109644,-91615.9,64819.9,-33272.6,0,0,0,0,0,0,0,0,0,0,0,0
0.088,0,0,0,0,0,0,0,0,0,0,0,0,69479.8,-133478,186375,-222241,235552,-223275,187014,-132840,68446.4,0,0,-119416,229471,-320549,382445,-405498,384340,-321720,228300,-117522,0,0,142826,-274557,383799,-458286,486194,-460772,385335,-273021,140341,0,0,-147552,283756,-396939,474394,-503579,477201,-398674,282021,-144745,0,0,147006,-282753,395671,-473059,502305,-475964,397467,-280958,144101,0,0,-147552,283756,-396939,474394,-503579,477201,-398674,282021,-144745,0,0,142826,-274557,383799,-458286,486194,-460772,385335,-273021,140341,0,0,-119416,229471,-320549,382445,-405498,384340,-321720,228300,-117522,0,0,69479.8,-133478,186375,-222241,235552,-223275,187014,-132840,68446.4,0,0,0,0,0,0,0,0,0,0,0,0
0.092,0,0,0,0,0,0,0,0,0,0,0,0,-142846,274217,-382332,455094,-481737,456727,-383342,273208,-141213,0,0,248361,-476883,665166,-792097,838711,-795110,667027,-475021,245348,0,0,-302306,580675,-810412,965705,-1.02297e+06,969691,-812876,578211,-298319,0,0,317966,-610974,853212,-1.01738e+06,1.07818e+06,-1.02192e+06,856014,-608171,313432,0,0,-319346,613727,-857279,1.02254e+06,-1.08386e+06,1.02725e+06,-860188,610818,-314640,0,0,317966,-610974,853212,-1.01738e+06,1.07818e+06,-1.02192e+06,856014,-608171,313432,0,0,-302306,580675,-810412,965705,-1.02297e+06,969691,-812876,578211,-298319,0,0,248361,-476883,665166,-792097,838711,-795110,667027,-475021,245348,0,0,-142846,274217,-382332,455094,-481737,456727,-383342,273208,-141213,0,0,0,0,0,0,0,0,0,0,0,0
0.096,0,0,0,0,0,0,0,0,0,0,0,0,294739,-565355,787190,-935523,989255,-938111,788790,-563755,292150,0,0,-517830,993497,-1.38379e+06,1.64513e+06,-1.73999e+06,1.64993e+06,-1.38676e+06,990531,-513030,0,0,640184,-1.22863e+06,1.71215e+06,-2.03657e+06,2.1547e+06,-2.04296e+06,1.7161e+06,-1.22468e+06,633788,0,0,-683830,1.31282e+06,-1.83035e+06,2.17829e+06,-2.30536e+06,2.1856e+06,-1.83487e+06,1.30829e+06,-676511,0,0,691472,-1.32767e+06,1.85144e+06,-2.20388e+06,2.33278e+06,-2.2115e+06,1.85615e+06,-1.32296e+06,683857,0,0,-683830,1.31282e+06,-1.83035e+06,2.17829e+06,-2.30536e+06,2.1856e+06,-1.83487e+06,1.30829e+06,-676511,0,0,640184,-1.22863e+06,1.71215e+06,-2.03657e+06,2.1547e+06,-2.04296e+06,1.7161e+06,-1.22468e+06,633788,0,0,-517830,993497,-1.38379e+06,1.64513e+06,-1.73999e+06,1.64993e+06,-1.38676e+06,990531,-513030,0,0,294739,-565355,787190,-935523,989255,-938111,788790,-563755,292150,0,0,0,0,0,0,0,0,0,0,0,0
0.1,0,0,0,0,0,0,0,0,0,0,0,0,-610117,1.16938e+06,-1.62618e+06,1.92994e+06,-2.039e+06,1.93406e+06,-1.62872e+06,1.16684e+06,-606004,0,0,1.08207e+06,-2.07434e+06,2.88546e+06,-3.42543e+06,3.6196e+06,-3.43309e+06,2.89019e+06,-2.06961e+06,1.07441e+06,0,0,-1.35623e+06,2.60064e+06,-3.61903e+06,4.29805e+06,-4.54277e+06,4.30831e+06,-3.62537e+06,2.5943e+06,-1.34596e+06,0,0,1.46809e+06,-2.81588e+06,3.92009e+06,-4.65743e+06,4.92376e+06,-4.66924e+06,3.92738e+06,-2.80858e+06,1.45628e+06,0,0,-1.49301e+06,2.86402e+06,-3.98776e+06,4.73865e+06,-5.01011e+06,4.75095e+06,-3.99537e+06,2.85641e+06,-1.48071e+06,0,0,1.46809e+06,-2.81588e+06,3.92009e+06,-4.65743e+06,4.92376e+06,-4.66924e+06,3.92738e+06,-2.80858e+06,1.45628e+06,0,0,-1.35623e+06,2.60064e+06,-3.61903e+06,4.29805e+06,-4.54277e+06,4.30831e+06,-3.62537e+06,2.5943e+06,-1.34596e+06,0,0,1.08207e+06,-2.07434e+06,2.88546e+06,-3.42543e+06,3.6196e+06,-3.43309e+06,2.89019e+06,-2.06961e+06,1.07441e+06,0,0,-610117,1.16938e+06,-1.62618e+06,1.92994e+06,-2.039e+06,1.93406e+06,-1.62872e+06,1.16684e+06,-606004,0,0,0,0,0,0,0,0,0,0,0,0
0.104,0,0,0,0,0,0,0,0,0,0,0,0,1.26665e+06,-2.42589e+06,3.36962e+06,-3.99421e+06,4.21684e+06,-4.00076e+06,3.37367e+06,-2.42184e+06,1.2601e+06,0,0,-2.26551e+06,4.33963e+06,-6.02927e+06,7.14848e+06,-7.54788e+06,7.16072e+06,-6.03683e+06,4.33206e+06,-2.25327e+06,0,0,2.87405e+06,-5.50657e+06,7.65311e+06,-9.07669e+06,9.58555e+06,-9.09318e+06,7.6633e+06,-5.49639e+06,2.85757e+06,0,0,-3.1469e+06,6.03066e+06,-8.38409e+06,9.94668e+06,-1.05061e+07,9.96571e+06,-8.39585e+06,6.0189e+06,-3.12787e+06,0,0,3.21589e+06,-6.16343e+06,8.56979e+06,-1.01683e+07,1.07409e+07,-1.01882e+07,8.58207e+06,-6.15115e+06,3.19601e+06,0,0,-3.1469e+06,6.03066e+06,-8.38409e+06,9.94668e+06,-1.05061e+07,9.96571e+06,-8.39585e+06,6.0189e+06,-3.12787e+06,0,0,2.87405e+06,-5.50657e+06,7.65311e+06,-9.07669e+06,9.58555e+06,-9.09318e+06,7.6633e+06,-5.49639e+06,2.85757e+06,0,0,-2.26551e+06,4.33963e+06,-6.02927e+06,7.14848e+06,-7.54788e+06,7.16072e+06,-6.03683e+06,4.33206e+06,-2.25327e+06,0,0,1.26665e+06,-2.42589e+06,3.36962e+06,-3.99421e+06,4.21684e+06,-4.00076e+06,3.37367e+06,-2.42184e+06,1.2601e+06,0,0,0,0,0,0,0,0,0,0,0,0
0.108,0,0,0,0,0,0,0,0,0,0,0,0,-2.63655e+06,5.04589e+06,-7.00152e+06,8.2905e+06,-8.74724e+06,8.30095e+06,-7.00797e+06,5.03944e+06,-2.62611e+06,0,0,4.75144e+06,-9.09467e+06,1.26219e+07,-1.49483e+07,1.57734e+07,-1.49679e+07,1.2634e+07,-9.08257e+06,4.73186e+06,0,0,-6.09203e+06,1.16629e+07,-1.61905e+07,1.91795e+07,-2.02409e+07,1.9206e+07,-1.62069e+07,1.16466e+07,-6.06555e+06,0,0,6.73638e+06,-1.28988e+07,1.79106e+07,-2.12221e+07,2.23992e+07,-2.12527e+07,1.79295e+07,-1.28798e+07,6.70572e+06,0,0,-6.91242e+06,1.32369e+07,-1.83818e+07,2.17826e+07,-2.2992e+07,2.18147e+07,-1.84016e+07,1.3217e+07,-6.88036e+06,0,0,6.73638e+06,-1.28988e+07,1.79106e+07,-2.12221e+07,2.23992e+07,-2.12527e+07,1.79295e+07,-1.28798e+07,6.70572e+06,0,0,-6.09203e+06,1.16629e+07,-1.61905e+07,1.91795e+07,-2.02409e+07,1.9206e+07,-1.62069e+07,1.16466e+07,-6.06555e+06,0,0,4.75144e+06,-9.09467e+06,1.26219e+07,-1.49483e+07,1.57734e+07,-1.49679e+07,1.2634e+07,-9.08257e+06,4.73186e+06,0,0,-2.63655e+06,5.04589e+06,-7.00152e+06,8.2905e+06,-8.74724e+06,8.30095e+06,-7.00797e+06,5.03944e+06,-2.62611e+06,0,0,0,0,0,0,0,0,0,0,0,0
0.112,0,0,0,0,0,0,0,0,0,0,0,0,5.50086e+06,-1.05206e+07,1.45842e+07,-1.72531e+07,1.81943e+07,-1.72698e+07,1.45945e+07,-1.05103e+07,5.48418e+06,0,0,-9.98017e+06,1.90897e+07,-2.64671e+07,3.13151e+07,-3.30257e+07,3.13465e+07,-2.64865e+07,1.90703e+07,-9.94881e+06,0,0,1.29155e+07,-2.47082e+07,3.42643e+07,-4.05484e+07,4.27678e+07,-4.0591e+07,3.42906e+07,-2.46819e+07,1.2873e+07,0,0,-1.44031e+07,2.7558e+07,-3.82236e+07,4.5242e+07,-4.77226e+07,4.52914e+07,-3.82541e+07,2.75274e+07,-1.43537e+07,0,0,1.48313e+07,-2.83789e+07,3.93653e+07,-4.65967e+07,4.91534e+07,-4.66484e+07,3.93973e+07,-2.83469e+07,1.47796e+07,0,0,-1.44031e+07,2.7558e+07,-3.82236e+07,4.5242e+07,-4.77226e+07,4.52914e+07,-3.82541e+07,2.75274e+07,-1.43537e+07,0,0,1.29155e+07,-2.47082e+07,3.42643e+07,-4.05484e+07,4.27678e+07,-4.0591e+07,3.42906e+07,-2.46819e+07,1.2873e+07,0,0,-9.98017e+06,1.90897e+07,-2.64671e+07,3.13151e+07,-3.30257e+07,3.13465e+07,-2.64865e+07,1.90703e+07,-9.94881e+06,0,0,5.50086e+06,-1.05206e+07,1.45842e+07,-1.72531e+07,1.81943e+07,-1.72698e+07,1.45945e+07,-1.05103e+07,5.48418e+06,0,0,0,0,0,0,0,0,0,0,0,0
0.116,0,0,0,0,0,0,0,0,0,0,0,0,-1.15008e+07,2.19823e+07,-3.04469e+07,3.59893e+07,-3.7936e+07,3.6016e+07,-3.04634e+07,2.19658e+07,-1.14742e+07,0,0,2.09905e+07,-4.01242e+07,5.55816e+07,-6.57068e+07,6.92649e+07,-6.57571e+07,5.56126e+07,-4.00932e+07,2.09403e+07,0,0,-2.73859e+07,5.23559e+07,-7.25375e+07,8.57647e+07,-9.04157e+07,8.5833e+07,-7.25797e+07,5.23136e+07,-2.73176e+07,0,0,3.07638e+07,-5.88203e+07,8.1506e+07,-9.63817e+07,1.01615e+08,-9.64613e+07,8.15551e+07,-5.87711e+07,3.06843e+07,0,0,-3.17728e+07,6.07523e+07,-8.41883e+07,9.95591e+07,-1.04968e+08,9.96425e+07,-8.42398e+07,6.07008e+07,-3.16895e+07,0,0,3.07638e+07,-5.88203e+07,8.1506e+07,-9.63817e+07,1.01615e+08,-9.64613e+07,8.15551e+07,-5.87711e+07,3.06843e+07,0,0,-2.73859e+07,5.23559e+07,-7.25375e+07,8.57647e+07,-9.04157e+07,8.5833e+07,-7.25797e+07,5.23136e+07,-2.73176e+07,0,0,2.09905e+07,-4.01242e+07,5.55816e+07,-6.57068e+07,6.92649e+07,-6.57571e+07,5.56126e+07,-4.00932e+07,2.09403e+07,0,0,-1.15008e+07,2.19823e+07,-3.04469e+07,3.59893e+07,-3.7936e+07,3.6016e+07,-3.04634e+07,2.19658e+07,-1.14742e+07,0,0,0,0,0,0,0,0,0,0,0,0
0.12,0,0,0,0,0,0,0,0,0,0,0,0,2.40896e+07,-4.60182e+07,6.36894e+07,-7.52295e+07,7.92697e+07,-7.52722e+07,6.37158e+07,-4.59918e+07,2.40469e+07,0,0,-4.41987e+07,8.44386e+07,-1.16875e+08,1.38064e+08,-1.45485e+08,1.38145e+08,-1.16925e+08,8.43888e+07,-4.41181e+07,0,0,5.80756e+07,-1.10961e+08,1.53606e+08,-1.81476e+08,1.91241e+08,-1.81585e+08,1.53674e+08,-1.10893e+08,5.79658e+07,0,0,-6.56499e+07,1.25443e+08,-1.73675e+08,2.05207e+08,-2.1626e+08,2.05335e+08,-1.73754e+08,1.25364e+08,-6.55218e+07,0,0,6.79757e+07,-1.29892e+08,1.79842e+08,-2.12503e+08,2.23954e+08,-2.12638e+08,1.79925e+08,-1.29809e+08,6.78414e+07,0,0,-6.56499e+07,1.25443e+08,-1.73675e+08,2.05207e+08,-2.1626e+08,2.05335e+08,-1.73754e+08,1.25364e+08,-6.55218e+07,0,0,5.80756e+07,-1.10961e+08,1.53606e+08,-1.81476e+08,1.91241e+08,-1.81585e+08,1.53674e+08,-1.10893e+08,5.79658e+07,0,0,-4.41987e+07,8.44386e+07,-1.16875e+08,1.38064e+08,-1.45485e+08,1.38145e+08,-1.16925e+08,8.43888e+07,-4.41181e+07,0,0,2.40896e+07,-4.60182e+07,6.36894e+07,-7.52295e+07,7.92697e+07,-7.52722e+07,6.37158e+07,-4.59918e+07,2.40469e+07,0,0,0,0,0,0,0,0,0,0,0,0
0.124,0,0,0,0,0,0,0,0,0,0,0,0,-5.05405e+07,9.6498e+07,-1.33463e+08,1.57547e+08,-1.65957e+08,1.57615e+08,-1.33505e+08,9.64557e+07,-5.04721e+07,0,0,9.31608e+07,-1.77884e+08,2.46044e+08,-2.90465e+08,3.05979e+08,-2.90594e+08,2.46124e+08,-1.77804e+08,9.30315e+07,0,0,-1.23169e+08,2.35202e+08,-3.25358e+08,3.84132e+08,-4.04667e+08,3.84309e+08,-3.25467e+08,2.35093e+08,-1.22993e+08,0,0,1.39988e+08,-2.67337e+08,3.69844e+08,-4.3669e+08,4.60051e+08,-4.36896e+08,3.69972e+08,-2.6721e+08,1.39782e+08,0,0,-1.45262e+08,2.77417e+08,-3.83803e+08,4.53186e+08,-4.77437e+08,4.53402e+08,-3.83937e+08,2.77284e+08,-1.45046e+08,0,0,1.39988e+08,-2.67337e+08,3.69844e+08,-4.3669e+08,4.60051e+08,-4.36896e+08,3.69972e+08,-2.6721e+08,1.39782e+08,0,0,-1.23169e+08,2.35202e+08,-3.25358e+08,3.84132e+08,-4.04667e+08,3.84309e+08,-3.25467e+08,2.35093e+08,-1.22993e+08,0,0,9.31608e+07,-1.77884e+08,2.46044e+08,-2.90465e+08,3.05979e+08,-2.90594e+08,2.46124e+08,-1.77804e+08,9.30315e+07,0,0,-5.05405e+07,9.6498e+07,-1.33463e+08,1.57547e+08,-1.65957e+08,1.57615e+08,-1.33505e+08,9.64557e+07,-5.04721e+07,0,0,0,0,0,0,0,0,0,0,0,0
0.128,0,0,0,0,0,0,0,0,0,0,0,0,1.06188e+08,-2.02654e+08,2.80113e+08,-3.30482e+08,3.4803e+08,-3.30592e+08,2.80181e+08,-2.02586e+08,1.06078e+08,0,0,-1.96534e+08,3.75092e+08,-5.18494e+08,6.1176e+08,-6.4426e+08,6.11967e+08,-5.18623e+08,3.74964e+08,-1.96327e+08,0,0,2.61242e+08,-4.9862e+08,6.89304e+08,-8.13351e+08,8.56588e+08,-8.13635e+08,6.89479e+08,-4.98445e+08,2.60958e+08,0,0,-2.983e+08,5.69383e+08,-7.87182e+08,9.28899e+08,-9.78306e+08,9.29231e+08,-7.87387e+08,5.69178e+08,-2.97968e+08,0,0,3.10114e+08,-5.91946e+08,8.18399e+08,-9.6576e+08,1.01714e+09,-9.66108e+08,8.18614e+08,-5.91731e+08,3.09766e+08,0,0,-2.983e+08,5.69383e+08,-7.87182e+08,9.28899e+08,-9.78306e+08,9.29231e+08,-7.87387e+08,5.69178e+08,-2.97968e+08,0,0,2.61242e+08,-4.9862e+08,6.89304e+08,-8.13351e+08,8.56588e+08,-8.13635e+08,6.89479e+08,-4.98445e+08,2.60958e+08,0,0,-1.96534e+08,3.75092e+08,-5.18494e+08,6.1176e+08,-6.4426e+08,6.11967e+08,-5.18623e+08,3.74964e+08,-1.96327e+08,0,0,1.06188e+08,-2.02654e+08,2.80113e+08,-3.30482e+08,3.4803e+08,-3.30592e+08,2.80181e+08,-2.02586e+08,1.06078e+08,0,0,0,0,0,0,0,0,0,0,0,0
0.132,0,0,0,0,0,0,0,0,0,0,0,0,-2.23388e+08,4.2615e+08,-5.8872e+08,6.94251e+08,-7.30952e+08,6.94427e+08,-5.88829e+08,4.26041e+08,-2.23212e+08,0,0,4.14929e+08,-7.91576e+08,1.0936e+09,-1.28969e+09,1.35789e+09,-1.29002e+09,1.09381e+09,-7.91371e+08,4.14596e+08,0,0,-5.54127e+08,1.05718e+09,-1.46064e+09,1.72263e+09,-1.81377e+09,1.72309e+09,-1.46092e+09,1.0569e+09,-5.53671e+08,0,0,6.35275e+08,-1.21205e+09,1.6747e+09,-1.97518e+09,2.07973e+09,-1.97571e+09,1.67503e+09,-1.21172e+09,6.34742e+08,0,0,-6.61487e+08,1.26208e+09,-1.74387e+09,2.05679e+09,-2.16567e+09,2.05735e+09,-1.74421e+09,1.26173e+09,-6.60927e+08,0,0,6.35275e+08,-1.21205e+09,1.6747e+09,-1.97518e+09,2.07973e+09,-1.97571e+09,1.67503e+09,-1.21172e+09,6.34742e+08,0,0,-5.54127e+08,1.05718e+09,-1.46064e+09,1.72263e+09,-1.81377e+09,1.72309e+09,-1.46092e+09,1.0569e+09,-5.53671e+08,0,0,4.14929e+08,-7.91576e+08,1.0936e+09,-1.28969e+09,1.35789e+09,-1.29002e+09,1.09381e+09,-7.91371e+08,4.14596e+08,0,0,-2.23388e+08,4.2615e+08,-5.8872e+08,6.94251e+08,-7.30952e+08,6.94427e+08,-5.88829e+08,4.26041e+08,-2.23212e+08,0,0,0,0,0,0,0,0,0,0,0,0
0.136,0,0,0,0,0,0,0,0,0,0,0,0,4.70464e+08,-8.97164e+08,1.23883e+09,-1.4603e+09,1.5372e+09,-1.46058e+09,1.23901e+09,-8.96989e+08,4.70182e+08,0,0,-8.76594e+08,1.67169e+09,-2.30841e+09,2.72117e+09,-2.86451e+09,2.7217e+09,-2.30874e+09,1.67136e+09,-8.76059e+08,0,0,1.17543e+09,-2.24167e+09,3.09563e+09,-3.64929e+09,3.8416e+09,-3.65003e+09,3.09609e+09,-2.24121e+09,1.1747e+09,0,0,-1.35223e+09,2.57892e+09,-3.56152e+09,4.19865e+09,-4.41997e+09,4.19951e+09,-3.56205e+09,2.57839e+09,-1.35137e+09,0,0,1.40994e+09,-2.68903e+09,3.71363e+09,-4.37803e+09,4.60884e+09,-4.37894e+09,3.71419e+09,-2.68847e+09,1.40904e+09,0,0,-1.35223e+09,2.57892e+09,-3.56152e+09,4.19865e+09,-4.41997e+09,4.19951e+09,-3.56205e+09,2.57839e+09,-1.35137e+09,0,0,1.17543e+09,-2.24167e+09,3.09563e+09,-3.64929e+09,3.8416e+09,-3.65003e+09,3.09609e+09,-2.24121e+09,1.1747e+09,0,0,-8.76594e+08,1.67169e+09,-2.30841e+09,2.72117e+09,-2.86451e+09,2.7217e+09,-2.30874e+09,1.67136e+09,-8.76059e+08,0,0,4.70464e+08,-8.97164e+08,1.23883e+09,-1.4603e+09,1.5372e+09,-1.46058e+09,1.23901e+09,-8.96989e+08,4.70182e+08,0,0,0,0,0,0,0,0,0,0,0,0
0.14,0,0,0,0,0,0,0,0,0,0,0,0,-9.91781e+08,1.89069e+09,-2.60965e+09,3.07506e+09,-3.23647e+09,3.07551e+09,-2.60993e+09,1.89041e+09,-9.91328e+08,0,0,1.85299e+09,-3.53255e+09,4.87598e+09,-5.74571e+09,6.04738e+09,-5.74657e+09,4.87651e+09,-3.53202e+09,1.85213e+09,0,0,-2.49345e+09,4.75367e+09,-6.56174e+09,7.73239e+09,-8.13848e+09,7.73357e+09,-6.56246e+09,4.75294e+09,-2.49228e+09,0,0,2.87706e+09,-5.48513e+09,7.57164e+09,-8.92271e+09,9.39142e+09,-8.9241e+09,7.5725e+09,-5.48428e+09,2.87568e+09,0,0,-3.00336e+09,5.72599e+09,-7.90422e+09,9.31473e+09,-9.80407e+09,9.31618e+09,-7.90511e+09,5.72509e+09,-3.00191e+09,0,0,2.87706e+09,-5.48513e+09,7.57164e+09,-8.92271e+09,9.39142e+09,-8.9241e+09,7.5725e+09,-5.48428e+09,2.87568e+09,0,0,-2.49345e+09,4.75367e+09,-6.56174e+09,7.73239e+09,-8.13848e+09,7.73357e+09,-6.56246e+09,4.75294e+09,-2.49228e+09,0,0,1.85299e+09,-3.53255e+09,4.87598e+09,-5.74571e+09,6.04738e+09,-5.74657e+09,4.87651e+09,-3.53202e+09,1.85213e+09,0,0,-9.91781e+08,1.89069e+09,-2.60965e+09,3.07506e+09,-3.23647e+09,3.07551e+09,-2.60993e+09,1.89041e+09,-9.91328e+08,0,0,0,0,0,0,0,0,0,0,0,0
0.144,0,0,0,0,0,0,0,0,0,0,0,0,2.09254e+09,-3.98801e+09,5.50248e+09,-6.48177e+09,6.82106e+09,-6.48249e+09,5.50293e+09,-3.98756e+09,2.09181e+09,0,0,-3.91891e+09,7.46886e+09,-1.03054e+10,1.21397e+10,-1.27753e+10,1.21411e+10,-1.03063e+10,7.46801e+09,-3.91753e+09,0,0,5.28956e+09,-1.00813e+10,1.39105e+10,-1.63869e+10,1.7245e+10,-1.63888e+10,1.39117e+10,-1.00802e+10,5.28766e+09,0,0,-6.11901e+09,1.16624e+10,-1.60925e+10,1.89577e+10,-1.99506e+10,1.89599e+10,-1.60939e+10,1.1661e+10,-6.11679e+09,0,0,6.39406e+09,-1.21867e+10,1.68161e+10,-1.98103e+10,2.08479e+10,-1.98127e+10,1.68176e+10,-1.21853e+10,6.39172e+09,0,0,-6.11901e+09,1.16624e+10,-1.60925e+10,1.89577e+10,-1.99506e+10,1.89599e+10,-1.60939e+10,1.1661e+10,-6.11679e+09,0,0,5.28956e+09,-1.00813e+10,1.39105e+10,-1.63869e+10,1.7245e+10,-1.63888e+10,1.39117e+10,-1.00802e+10,5.28766e+09,0,0,-3.91891e+09,7.46886e+09,-1.03054e+10,1.21397e+10,-1.27753e+10,1.21411e+10,-1.03063e+10,7.46801e+09,-3.91753e+09,0,0,2.09254e+09,-3.98801e+09,5.50248e+09,-6.48177e+09,6.82106e+09,-6.48249e+09,5.50293e+09,-3.98756e+09,2.09181e+09,0,0,0,0,0,0,0,0,0,0,0,0
0.148,0,0,0,0,0,0,0,0,0,0,0,0,-4.41829e+09,8.41836e+09,-1.16116e+10,1.36744e+10,-1.43885e+10,1.36755e+10,-1.16123e+10,8.41764e+09,-4.41712e+09,0,0,8.29173e+09,-1.57988e+10,2.17919e+10,-2.56636e+10,2.7004e+10,-2.56658e+10,2.17933e+10,-1.57974e+10,8.28951e+09,0,0,-1.12214e+10,2.13814e+10,-2.94928e+10,3.47333e+10,-3.65476e+10,3.47364e+10,-2.94947e+10,2.13795e+10,-1.12184e+10,0,0,1.30098e+10,-2.47893e+10,3.41942e+10,-4.02707e+10,4.23746e+10,-4.02743e+10,3.41964e+10,-2.47871e+10,1.30062e+10,0,0,-1.36063e+10,2.5926e+10,-3.57625e+10,4.2118e+10,-4.43184e+10,4.21217e+10,-3.57648e+10,2.59237e+10,-1.36026e+10,0,0,1.30098e+10,-2.47893e+10,3.41942e+10,-4.02707e+10,4.23746e+10,-4.02743e+10,3.41964e+10,-2.47871e+10,1.30062e+10,0,0,-1.12214e+10,2.13814e+10,-2.94928e+10,3.47333e+10,-3.65476e+10,3.47364e+10,-2.94947e+10,2.13795e+10,-1.12184e+10,0,0,8.29173e+09,-1.57988e+10,2.17919e+10,-2.56636e+10,2.7004e+10,-2.56658e+10,2.17933e+10,-1.57974e+10,8.28951e+09,0,0,-4.41829e+09,8.41836e+09,-1.16116e+10,1.36744e+10,-1.43885e+10,1.36755e+10,-1.16123e+10,8.41764e+09,-4.41712e+09,0,0,0,0,0,0,0,0,0,0,0,0
0.152,0,0,0,0,0,0,0,0,0,0,0,0,9.33501e+09,-1.77825e+10,2.45208e+10,-2.88701e+10,3.03746e+10,-2.8872e+10,2.4522e+10,-1.77813e+10,9.33313e+09,0,0,-1.75505e+10,3.34326e+10,-4.61019e+10,5.42796e+10,-5.71086e+10,5.42832e+10,-4.61041e+10,3.34304e+10,-1.75469e+10,0,0,2.3806e+10,-4.53497e+10,6.2536e+10,-7.36299e+10,7.74679e+10,-7.36348e+10,6.2539e+10,-4.53467e+10,2.38011e+10,0,0,-2.76527e+10,5.26781e+10,-7.26427e+10,8.55305e+10,-8.99892e+10,8.55362e+10,-7.26462e+10,5.26746e+10,-2.7647e+10,0,0,2.89421e+10,-5.51346e+10,7.60305e+10,-8.95198e+10,9.41866e+10,-8.95258e+10,7.60342e+10,-5.51309e+10,2.8936e+10,0,0,-2.76527e+10,5.26781e+10,-7.26427e+10,8.55305e+10,-8.99892e+10,8.55362e+10,-7.26462e+10,5.26746e+10,-2.7647e+10,0,0,2.3806e+10,-4.53497e+10,6.2536e+10,-7.36299e+10,7.74679e+10,-7.36348e+10,6.2539e+10,-4.53467e+10,2.38011e+10,0,0,-1.75505e+10,3.34326e+10,-4.61019e+10,5.42796e+10,-5.71086e+10,5.42832e+10,-4.61041e+10,3.34304e+10,-1.75469e+10,0,0,9.33501e+09,-1.77825e+10,2.45208e+10,-2.88701e+10,3.03746e+10,-2.8872e+10,2.4522e+10,-1.77813e+10,9.33313e+09,0,0,0,0,0,0,0,0,0,0,0,0
0.156,0,0,0,0,0,0,0,0,0,0,0,0,-1.97342e+10,3.75849e+10,-5.18143e+10,6.09921e+10,-6.4165e+10,6.09951e+10,-5.18161e+10,3.7583e+10,-1.97312e+10,0,0,3.71597e+10,-7.07734e+10,9.75687e+10,-1.14852e+11,1.20827e+11,-1.14858e+11,9.75723e+10,-7.07698e+10,3.7154e+10,0,0,-5.05048e+10,9.6191e+10,-1.32611e+11,1.56104e+11,-1.64226e+11,1.56111e+11,-1.32616e+11,9.61861e+10,-5.04969e+10,0,0,5.87621e+10,-1.11919e+11,1.54296e+11,-1.81631e+11,1.91082e+11,-1.8164e+11,1.54301e+11,-1.11913e+11,5.87529e+10,0,0,-6.15413e+10,1.17212e+11,-1.61594e+11,1.90223e+11,-2.00122e+11,1.90233e+11,-1.616e+11,1.17206e+11,-6.15315e+10,0,0,5.87621e+10,-1.11919e+11,1.54296e+11,-1.81631e+11,1.91082e+11,-1.8164e+11,1.54301e+11,-1.11913e+11,5.87529e+10,0,0,-5.05048e+10,9.6191e+10,-1.32611e+11,1.56104e+11,-1.64226e+11,1.56111e+11,-1.32616e+11,9.61861e+10,-5.04969e+10,0,0,3.71597e+10,-7.07734e+10,9.75687e+10,-1.14852e+11,1.20827e+11,-1.14858e+11,9.75723e+10,-7.07698e+10,3.7154e+10,0,0,-1.97342e+10,3.75849e+10,-5.18143e+10,6.09921e+10,-6.4165e+10,6.09951e+10,-5.18161e+10,3.7583e+10,-1.97312e+10,0,0,0,0,0,0,0,0,0,0,0,0
0.16,0,0,0,0,0,0,0,0,0,0,0,0,4.17384e+10,-7.94796e+10,1.09547e+11,-1.28928e+11,1.35625e+11,-1.28933e+11,1.0955e+11,-7.94767e+10,4.17335e+10,0,0,-7.87008e+10,1.49866e+11,-2.06562e+11,2.43108e+11,-2.55737e+11,2.43117e+11,-2.06567e+11,1.4986e+11,-7.86916e+10,0,0,1.07148e+11,-2.04038e+11,2.8123e+11,-3.3099e+11,3.48185e+11,-3.31003e+11,2.81238e+11,-2.0403e+11,1.07135e+11,0,0,-1.24843e+11,2.37736e+11,-3.27679e+11,3.8566e+11,-4.05697e+11,3.85675e+11,-3.27689e+11,2.37726e+11,-1.24828e+11,0,0,1.30819e+11,-2.49117e+11,3.43367e+11,-4.04125e+11,4.25121e+11,-4.04141e+11,3.43377e+11,-2.49107e+11,1.30804e+11,0,0,-1.24843e+11,2.37736e+11,-3.27679e+11,3.8566e+11,-4.05697e+11,3.85675e+11,-3.27689e+11,2.37726e+11,-1.24828e+11,0,0,1.07148e+11,-2.04038e+11,2.8123e+11,-3.3099e+11,3.48185e+11,-3.31003e+11,2.81238e+11,-2.0403e+11,1.07135e+11,0,0,-7.87008e+10,1.49866e+11,-2.06562e+11,2.43108e+11,-2.55737e+11,2.43117e+11,-2.06567e+11,1.4986e+11,-7.86916e+10,0,0,4.17384e+10,-7.94796e+10,1.09547e+11,-1.28928e+11,1.35625e+11,-1.28933e+11,1.0955e+11,-7.94767e+10,4.17335e+10,0,0,0,0,0,0,0,0,0,0,0,0
0.164,0,0,0,0,0,0,0,0,0,0,0,0,-8.83152e+10,1.68148e+11,-2.31716e+11,2.72668e+11,-2.86814e+11,2.72676e+11,-2.3172e+11,1.68143e+11,-8.83074e+10,0,0,1.66721e+11,-3.17431e+11,4.37437e+11,-5.14751e+11,5.41456e+11,-5.14766e+11,4.37446e+11,-3.17422e+11,1.66707e+11,0,0,-2.27322e+11,4.32815e+11,-5.96446e+11,7.01867e+11,-7.38281e+11,7.01888e+11,-5.96458e+11,4.32802e+11,-2.27301e+11,0,0,2.65187e+11,-5.04912e+11,6.95805e+11,-8.18793e+11,8.61274e+11,-8.18816e+11,6.9582e+11,-5.04897e+11,2.65163e+11,0,0,-2.78013e+11,5.29333e+11,-7.2946e+11,8.58398e+11,-9.02936e+11,8.58423e+11,-7.29476e+11,5.29318e+11,-2.77988e+11,0,0,2.65187e+11,-5.04912e+11,6.95805e+11,-8.18793e+11,8.61274e+11,-8.18816e+11,6.9582e+11,-5.04897e+11,2.65163e+11,0,0,-2.27322e+11,4.32815e+11,-5.96446e+11,7.01867e+11,-7.38281e+11,7.01888e+11,-5.96458e+11,4.32802e+11,-2.27301e+11,0,0,1.66721e+11,-3.17431e+11,4.37437e+11,-5.14751e+11,5.41456e+11,-5.14766e+11,4.37446e+11,-3.17422e+11,1.66707e+11,0,0,-8.83152e+10,1.68148e+11,-2.31716e+11,2.72668e+11,-2.86814e+11,2.72676e+11,-2.3172e+11,1.68143e+11,-8.83074e+10,0,0,0,0,0,0,0,0,0,0,0,0
0.168,0,0,0,0,0,0,0,0,0,0,0,0,1.86937e+11,-3.55874e+11,4.90331e+11,-5.76913e+11,6.06808e+11,-5.76926e+11,4.90339e+11,-3.55866e+11,1.86924e+11,0,0,-3.5326e+11,6.72507e+11,-9.266e+11,1.09022e+12,-1.14672e+12,1.09025e+12,-9.26615e+11,6.72493e+11,-3.53236e+11,0,0,4.82282e+11,-9.18133e+11,1.26504e+12,-1.48843e+12,1.56556e+12,-1.48846e+12,1.26506e+12,-9.18113e+11,4.82249e+11,0,0,-5.63211e+11,1.0722e+12,-1.47733e+12,1.73821e+12,-1.8283e+12,1.73825e+12,-1.47735e+12,1.07218e+12,-5.63172e+11,0,0,5.90691e+11,-1.12452e+12,1.54941e+12,-1.82303e+12,1.91751e+12,-1.82307e+12,1.54944e+12,-1.12449e+12,5.9065e+11,0,0,-5.63211e+11,1.0722e+12,-1.47733e+12,1.73821e+12,-1.8283e+12,1.73825e+12,-1.47735e+12,1.07218e+12,-5.63172e+11,0,0,4.82282e+11,-9.18133e+11,1.26504e+12,-1.48843e+12,1.56556e+12,-1.48846e+12,1.26506e+12,-9.18113e+11,4.82249e+11,0,0,-3.5326e+11,6.72507e+11,-9.266e+11,1.09022e+12,-1.14672e+12,1.09025e+12,-9.26615e+11,6.72493e+11,-3.53236e+11,0,0,1.86937e+11,-3.55874e+11,4.90331e+11,-5.76913e+11,6.06808e+11,-5.76926e+11,4.90339e+11,-3.55866e+11,1.86924e+11,0,0,0,0,0,0,0,0,0,0,0,0
0.172,0,0,0,0,0,0,0,0,0,0,0,0,-3.95816e+11,7.53434e+11,-1.03795e+12,1.22109e+12,-1.28431e+12,1.22111e+12,-1.03797e+12,7.53422e+11,-3.95796e+11,0,0,7.48647e+11,-1.42505e+12,1.9632e+12,-2.3096e+12,2.42917e+12,-2.30964e+12,1.96322e+12,-1.42503e+12,7.48608e+11,0,0,-1.02321e+12,1.94769e+12,-2.68322e+12,3.15667e+12,-3.3201e+12,3.15672e+12,-2.68325e+12,1.94766e+12,-1.02316e+12,0,0,1.196e+12,-2.2766e+12,3.13634e+12,-3.68976e+12,3.88079e+12,-3.68982e+12,3.13638e+12,-2.27656e+12,1.19594e+12,0,0,-1.25479e+12,2.38852e+12,-3.29053e+12,3.87116e+12,-4.07158e+12,3.87122e+12,-3.29057e+12,2.38848e+12,-1.25473e+12,0,0,1.196e+12,-2.2766e+12,3.13634e+12,-3.68976e+12,3.88079e+12,-3.68982e+12,3.13638e+12,-2.27656e+12,1.19594e+12,0,0,-1.02321e+12,1.94769e+12,-2.68322e+12,3.15667e+12,-3.3201e+12,3.15672e+12,-2.68325e+12,1.94766e+12,-1.02316e+12,0,0,7.48647e+11,-1.42505e+12,1.9632e+12,-2.3096e+12,2.42917e+12,-2.30964e+12,1.96322e+12,-1.42503e+12,7.48608e+11,0,0,-3.95816e+11,7.53434e+11,-1.03795e+12,1.22109e+12,-1.28431e+12,1.22111e+12,-1.03797e+12,7.53422e+11,-3.95796e+11,0,0,0,0,0,0,0,0,0,0,0,0
0.176,0,0,0,0,0,0,0,0,0,0,0,0,8.38322e+11,-1.59559e+12,2.19786e+12,-2.5854e+12,2.71913e+12,-2.58543e+12,2.19788e+12,-1.59557e+12,8.38289e+11,0,0,-1.58682e+12,3.02022e+12,-4.16025e+12,4.89381e+12,-5.14696e+12,4.89387e+12,-4.16029e+12,3.02018e+12,-1.58676e+12,0,0,2.17086e+12,-4.13185e+12,5.69149e+12,-6.69507e+12,7.0414e+12,-6.69516e+12,5.69155e+12,-4.13179e+12,2.17078e+12,0,0,-2.53944e+12,4.83338e+12,-6.65785e+12,7.83184e+12,-8.23698e+12,7.83194e+12,-6.65791e+12,4.83332e+12,-2.53934e+12,0,0,2.66508e+12,-5.07252e+12,6.98726e+12,-8.21935e+12,8.64454e+12,-8.21945e+12,6.98733e+12,-5.07245e+12,2.66497e+12,0,0,-2.53944e+12,4.83338e+12,-6.65785e+12,7.83184e+12,-8.23698e+12,7.83194e+12,-6.65791e+12,4.83332e+12,-2.53934e+12,0,0,2.17086e+12,-4.13185e+12,5.69149e+12,-6.69507e+12,7.0414e+12,-6.69516e+12,5.69155e+12,-4.13179e+12,2.17078e+12,0,0,-1.58682e+12,3.02022e+12,-4.16025e+12,4.89381e+12,-5.14696e+12,4.89387e+12,-4.16029e+12,3.02018e+12,-1.58676e+12,0,0,8.38322e+11,-1.59559e+12,2.19786e+12,-2.5854e+12,2.71913e+12,-2.58543e+12,2.19788e+12,-1.59557e+12,8.38289e+11,0,0,0,0,0,0,0,0,0,0,0,0
0.18,0,0,0,0,0,0,0,0,0,0,0,0,-1.77596e+12,3.37991e+12,-4.65521e+12,5.47556e+12,-5.75859e+12,5.47561e+12,-4.65524e+12,3.37988e+12,-1.7759e+12,0,0,3.36385e+12,-6.40193e+12,8.8175e+12,-1.03714e+13,1.09075e+13,-1.03715e+13,8.81756e+12,-6.40187e+12,3.36375e+12,0,0,-4.60576e+12,8.76549e+12,-1.20729e+13,1.42005e+13,-1.49345e+13,1.42006e+13,-1.2073e+13,8.7654e+12,-4.60562e+12,0,0,5.39139e+12,-1.02607e+13,1.41323e+13,-1.66228e+13,1.74821e+13,-1.6623e+13,1.41324e+13,-1.02606e+13,5.39123e+12,0,0,-5.6596e+12,1.07711e+13,-1.48354e+13,1.74498e+13,-1.83518e+13,1.745e+13,-1.48355e+13,1.0771e+13,-5.65944e+12,0,0,5.39139e+12,-1.02607e+13,1.41323e+13,-1.66228e+13,1.74821e+13,-1.6623e+13,1.41324e+13,-1.02606e+13,5.39123e+12,0,0,-4.60576e+12,8.76549e+12,-1.20729e+13,1.42005e+13,-1.49345e+13,1.42006e+13,-1.2073e+13,8.7654e+12,-4.60562e+12,0,0,3.36385e+12,-6.40193e+12,8.8175e+12,-1.03714e+13,1.09075e+13,-1.03715e+13,8.81756e+12,-6.40187e+12,3.36375e+12,0,0,-1.77596e+12,3.37991e+12,-4.65521e+12,5.47556e+12,-5.75859e+12,5.47561e+12,-4.65524e+12,3.37988e+12,-1.7759e+12,0,0,0,0,0,0,0,0,0,0,0,0
0.184,0,0,0,0,0,0,0,0,0,0,0,0,3.76308e+12,-7.16119e+12,9.86232e+12,-1.15994e+13,1.21986e+13,-1.15995e+13,9.86237e+12,-7.16114e+12,3.763e+12,0,0,-7.13177e+12,1.35719e+13,-1.86911e+13,2.19832e+13,-2.31188e+13,2.19834e+13,-1.86912e+13,1.35718e+13,-7.13161e+12,0,0,9.77175e+12,-1.85958e+13,2.561e+13,-3.01209e+13,3.16769e+13,-3.01211e+13,2.56102e+13,-1.85957e+13,9.77153e+12,0,0,-1.14453e+13,2.17805e+13,-2.99961e+13,3.52795e+13,-3.71021e+13,3.52798e+13,-2.99963e+13,2.17804e+13,-1.1445e+13,0,0,1.20173e+13,-2.28692e+13,3.14955e+13,-3.7043e+13,3.89567e+13,-3.70433e+13,3.14956e+13,-2.28691e+13,1.20171e+13,0,0,-1.14453e+13,2.17805e+13,-2.99961e+13,3.52795e+13,-3.71021e+13,3.52798e+13,-2.99963e+13,2.17804e+13,-1.1445e+13,0,0,9.77175e+12,-1.85958e+13,2.561e+13,-3.01209e+13,3.16769e+13,-3.01211e+13,2.56102e+13,-1.85957e+13,9.77153e+12,0,0,-7.13177e+12,1.35719e+13,-1.86911e+13,2.19832e+13,-2.31188e+13,2.19834e+13,-1.86912e+13,1.35718e+13,-7.13161e+12,0,0,3.76308e+12,-7.16119e+12,9.86232e+12,-1.15994e+13,1.21986e+13,-1.15995e+13,9.86237e+12,-7.16114e+12,3.763e+12,0,0,0,0,0,0,0,0,0,0,0,0
0.188,0,0,0,0,0,0,0,0,0,0,0,0,-7.97503e+12,1.51756e+13,-2.08981e+13,2.45773e+13,-2.58463e+13,2.45774e+13,-2.08981e+13,1.51755e+13,-7.9749e+12,0,0,1.51217e+13,-2.8775e+13,3.96256e+13,-4.6602e+13,4.90082e+13,-4.66023e+13,3.96258e+13,-2.87749e+13,1.51215e+13,0,0,-2.07322e+13,3.94512e+13,-5.43276e+13,6.38924e+13,-6.71914e+13,6.38928e+13,-5.43278e+13,3.94509e+13,-2.07318e+13,0,0,2.4295e+13,-4.62309e+13,6.36639e+13,-7.48726e+13,7.87384e+13,-7.4873e+13,6.36641e+13,-4.62306e+13,2.42946e+13,0,0,-2.55143e+13,4.85511e+13,-6.6859e+13,7.86303e+13,-8.26902e+13,7.86307e+13,-6.68593e+13,4.85508e+13,-2.55139e+13,0,0,2.4295e+13,-4.62309e+13,6.36639e+13,-7.48726e+13,7.87384e+13,-7.4873e+13,6.36641e+13,-4.62306e+13,2.42946e+13,0,0,-2.07322e+13,3.94512e+13,-5.43276e+13,6.38924e+13,-6.71914e+13,6.38928e+13,-5.43278e+13,3.94509e+13,-2.07318e+13,0,0,1.51217e+13,-2.8775e+13,3.96256e+13,-4.6602e+13,4.90082e+13,-4.66023e+13,3.96258e+13,-2.87749e+13,1.51215e+13,0,0,-7.97503e+12,1.51756e+13,-2.08981e+13,2.45773e+13,-2.58463e+13,2.45774e+13,-2.08981e+13,1.51755e+13,-7.9749e+12,0,0,0,0,0,0,0,0,0,0,0,0
0.192,0,0,0,0,0,0,0,0,0,0,0,0,1.6904e+13,-3.21646e+13,4.42902e+13,-5.20849e+13,5.47729e+13,-5.20851e+13,4.42904e+13,-3.21645e+13,1.69037e+13,0,0,-3.20659e+13,6.10147e+13,-8.40164e+13,9.88026e+13,-1.03902e+14,9.8803e+13,-8.40167e+13,6.10144e+13,-3.20655e+13,0,0,4.39865e+13,-8.3697e+13,1.1525e+14,-1.35533e+14,1.42528e+14,-1.35533e+14,1.1525e+14,-8.36966e+13,4.39859e+13,0,0,-5.15679e+13,9.8123e+13,-1.35114e+14,1.58894e+14,-1.67094e+14,1.58894e+14,-1.35115e+14,9.81226e+13,-5.15673e+13,0,0,5.4165e+13,-1.03065e+14,1.41919e+14,-1.66896e+14,1.75509e+14,-1.66897e+14,1.4192e+14,-1.03064e+14,5.41643e+13,0,0,-5.15679e+13,9.8123e+13,-1.35114e+14,1.58894e+14,-1.67094e+14,1.58894e+14,-1.35115e+14,9.81226e+13,-5.15673e+13,0,0,4.39865e+13,-8.3697e+13,1.1525e+14,-1.35533e+14,1.42528e+14,-1.35533e+14,1.1525e+14,-8.36966e+13,4.39859e+13,0,0,-3.20659e+13,6.10147e+13,-8.40164e+13,9.88026e+13,-1.03902e+14,9.8803e+13,-8.40167e+13,6.10144e+13,-3.20655e+13,0,0,1.6904e+13,-3.21646e+13,4.42902e+13,-5.20849e+13,5.47729e+13,-5.20851e+13,4.42904e+13,-3.21645e+13,1.69037e+13,0,0,0,0,0,0,0,0,0,0,0,0
0.196,0,0,0,0,0,0,0,0,0,0,0,0,-3.58346e+13,6.81823e+13,-9.38805e+13,1.10397e+14,-1.16092e+14,1.10398e+14,-9.38807e+13,6.81821e+13,-3.58343e+13,0,0,6.80016e+13,-1.29386e+14,1.78153e+14,-2.09496e+14,2.20303e+14,-2.09497e+14,1.78153e+14,-1.29386e+14,6.80009e+13,0,0,-9.33242e+13,1.77568e+14,-2.44494e+14,2.87509e+14,-3.02341e+14,2.8751e+14,-2.44495e+14,1.77567e+14,-9.33233e+13,0,0,1.09451e+14,-2.08251e+14,2.86743e+14,-3.37191e+14,3.54586e+14,-3.37192e+14,2.86743e+14,-2.08251e+14,1.09449e+14,0,0,-1.14979e+14,2.18771e+14,-3.01227e+14,3.54224e+14,-3.72498e+14,3.54225e+14,-3.01228e+14,2.1877e+14,-1.14978e+14,0,0,1.09451e+14,-2.08251e+14,2.86743e+14,-3.37191e+14,3.54586e+14,-3.37192e+14,2.86743e+14,-2.08251e+14,1.09449e+14,0,0,-9.33242e+13,1.77568e+14,-2.44494e+14,2.87509e+14,-3.02341e+14,2.8751e+14,-2.44495e+14,1.77567e+14,-9.33233e+13,0,0,6.80016e+13,-1.29386e+14,1.78153e+14,-2.09496e+14,2.20303e+14,-2.09497e+14,1.78153e+14,-1.29386e+14,6.80009e+13,0,0,-3.58346e+13,6.81823e+13,-9.38805e+13,1.10397e+14,-1.16092e+14,1.10398e+14,-9.38807e+13,6.81821e+13,-3.58343e+13,0,0,0,0,0,0,0,0,0,0,0,0
0.2,0,0,0,0,0,0,0,0,0,0,0,0,7.59743e+13,-1.4455e+14,1.99021e+14,-2.34026e+14,2.46095e+14,-2.34026e+14,1.99022e+14,-1.4455e+14,7.59738e+13,0,0,-1.44219e+14,2.74394e+14,-3.77794e+14,4.44243e+14,-4.67153e+14,4.44244e+14,-3.77795e+14,2.74393e+14,-1.44218e+14,0,0,1.98002e+14,-3.76723e+14,5.18685e+14,-6.09914e+14,6.41368e+14,-6.09916e+14,5.18686e+14,-3.76722e+14,1.98001e+14,0,0,-2.32292e+14,4.41964e+14,-6.08511e+14,7.15539e+14,-7.52441e+14,7.15541e+14,-6.08512e+14,4.41963e+14,-2.32291e+14,0,0,2.44056e+14,-4.64346e+14,6.39328e+14,-7.51777e+14,7.90547e+14,-7.51779e+14,6.39329e+14,-4.64345e+14,2.44055e+14,0,0,-2.32292e+14,4.41964e+14,-6.08511e+14,7.15539e+14,-7.52441e+14,7.15541e+14,-6.08512e+14,4.41963e+14,-2.32291e+14,0,0,1.98002e+14,-3.76723e+14,5.18685e+14,-6.09914e+14,6.41368e+14,-6.09916e+14,5.18686e+14,-3.76722e+14,1.98001e+14,0,0,-1.44219e+14,2.74394e+14,-3.77794e+14,4.44243e+14,-4.67153e+14,4.44244e+14,-3.77795e+14,2.74393e+14,-1.44218e+14,0,0,7.59743e+13,-1.4455e+14,1.99021e+14,-2.34026e+14,2.46095e+14,-2.34026e+14,1.99022e+14,-1.4455e+14,7.59738e+13,0,0,0,0,0,0,0,0,0,0,0,0
0.2,0,0,0,0,0,0,0,0,0,0,0,0,7.59743e+13,-1.4455e+14,1.99021e+14,-2.34026e+14,2.46095e+14,-2.34026e+14,1.99022e+14,-1.4455e+14,7.59738e+13,0,0,-1.44219e+14,2.74394e+14,-3.77794e+14,4.44243e+14,-4.67153e+14,4.44244e+14,-3.77795e+14,2.74393e+14,-1.44218e+14,0,0,1.98002e+14,-3.76723e+14,5.18685e+14,-6.09914e+14,6.41368e+14,-6.09916e+14,5.18686e+14,-3.76722e+14,1.98001e+14,0,0,-2.32292e+14,4.41964e+14,-6.08511e+14,7.15539e+14,-7.52441e+14,7.15541e+14,-6.08512e+14,4.41963e+14,-2.32291e+14,0,0,2.44056e+14,-4.64346e+14,6.39328e+14,-7.51777e+14,7.90547e+14,-7.51779e+14,6.39329e+14,-4.64345e+14,2.44055e+14,0,0,-2.32292e+14,4.41964e+14,-6.08511e+14,7.15539e+14,-7.52441e+14,7.15541e+14,-6.08512e+14,4.41963e+14,-2.32291e+14,0,0,1.98002e+14,-3.76723e+14,5.18685e+14,-6.09914e+14,6.41368e+14,-6.09916e+14,5.18686e+14,-3.76722e+14,1.98001e+14,0,0,-1.44219e+14,2.74394e+14,-3.77794e+14,4.44243e+14,-4.67153e+14,4.44244e+14,-3.77795e+14,2.74393e+14,-1.44218e+14,0,0,7.59743e+13,-1.4455e+14,1.99021e+14,-2.34026e+14,2.46095e+14,-2.34026e+14,1.99022e+14,-1.4455e+14,7.59738e+13,0,0,0,0,0,0,0,0,0,0,0,0
